"","V1","V2","V3","V4","V5","V6","V7","V8","V9","V10","V11","V12","V13","V14","V15","V16","V17","V18","V19","V20","V21","V22","V23","V24","V25","V26","V27","V28","V29","V30","V31","V32","V33","V34","V35","V36","V37","V38","V39","V40","V41","V42","V43","V44","V45","V46","V47","V48","V49","V50","V51","V52","V53","V54","V55","V56","V57","V58","V59","V60","V61","V62","V63","V64","V65","V66","V67","V68","V69","V70","V71","V72","V73","V74","V75","V76","V77","V78","V79","V80","V81","V82","V83","V84","V85","V86","V87","V88","V89","V90","V91","V92","V93","V94","V95","V96","V97","V98","V99","V100","V101","V102","V103","V104","V105","V106","V107","V108","V109","V110","V111","V112","V113","V114","V115","V116","V117","V118","V119","V120","V121"
"1",8.3049655862631,0,6.54953640100076,8.54925307283259,4.50357248884685,8.98841366881039,8.94939757559701,6.9636177104864,8.12683212222481,1.70695193506085,6.74087010876487,0,5.78024921815594,0,0,6.05079512588173,6.26439282526701,2.98421713968274,10.5215665609931,0,0,8.38613356657355,0,10.5487606504205,8.7218817231504,2.07377325484559,0,4.46843449111391,3.39737594547593,8.49714310365317,8.65357252533666,1.90756103827185,0.258979050945201,7.54764746453744,2.04728913737841,2.19332269822394,0,3.39608959094712,0,0,0,0,0,0,0,0,0,0,0,0,0,0,0,0,0,0,0,0,0,0,0,0,0,0,0,0,0,0,0,0,0,0,0,0,0,0,0,0,0,0,0,0,0,0,0,0,0,0,0,0,0,0,0,0,0,0,0,0,0,0,0,0,0,0,0,0,0,0,0,0,0,0,0,0,0,0,0,0,0,0,0
"2",22.2756716500437,11.1341719957584,5.61151678505754,32.2507598414012,15.4008805845908,32.4224799619456,30.8686524197349,29.6702072120801,29.7070129692096,5.79077952346662,29.5712351597599,18.3318817807431,19.7102137378026,0,0,29.6214990602998,26.3112325450503,10.2350597766685,11.2298099771086,0,0,7.09947788168098,0,11.558075558571,9.55639921217405,6.00059104312039,0,19.7289974983506,10.4795856806756,5.76302254142701,9.48155412886607,9.98337217358851,0.781343962132183,4.2535464935305,9.66357832743819,6.3330880031337,0,9.35681894701176,0,0,0,0,0,0,0,0,0,0,0,0,0,0,0,0,0,0,0,0,0,0,0,0,0,0,0,0,0,0,0,0,0,0,0,0,0,0,0,0,0,0,0,0,0,0,0,0,0,0,0,0,0,0,0,0,0,0,0,0,0,0,0,0,0,0,0,0,0,0,0,0,0,0,0,0,0,0,0,0,0,0,0
"3",9.0728520181421,10.653905960915,2.2249057712492,12.2317404773952,6.34203120592214,12.9142168866689,12.5188243812175,11.2241518167105,11.6614661160248,2.36924544903987,9.32131274476776,5.70638874833745,18.1329350687466,0,0,20.8254610688224,10.8220460524285,0,0,0,0,0,0,0,0,0,0,5.91566527755538,0,0,0,0,0,0,0,0,0,0,0,0,0,0,0,0,0,0,0,0,0,0,0,0,0,0,0,0,0,0,0,0,0,0,0,0,0,0,0,0,0,0,0,0,0,0,0,0,0,0,0,0,0,0,0,0,0,0,0,0,0,0,0,0,0,0,0,0,0,0,0,0,0,0,0,0,0,0,0,0,0,0,0,0,0,0,0,0,0,0,0,0,0
"4",11.7357008063797,7.79500947337304,2.87760951384256,15.8226421692428,8.20302522593394,21.6382064926859,20.4167183660548,14.51940364366,19.4141454615813,8.1023701937624,12.0591767262294,7.38285748228892,17.5190483820101,0,0,20.0776325759916,13.9976871614079,0,0,0,0,0,0,0,0,0,0,7.65183886284069,0,0,0,0,0,0,0,0,0,0,0,0,0,0,0,0,0,0,0,0,0,0,0,0,0,0,0,0,0,0,0,0,0,0,0,0,0,0,0,0,0,0,0,0,0,0,0,0,0,0,0,0,0,0,0,0,0,0,0,0,0,0,0,0,0,0,0,0,0,0,0,0,0,0,0,0,0,0,0,0,0,0,0,0,0,0,0,0,0,0,0,0,0
"5",-1.77587713983436,-0.670431389251888,-0.434777893609976,-2.39466607756809,-3.44141168476914,-3.74855232818054,-2.4498468865927,-3.15052511586176,-2.28317570166546,-0.463680090604802,-1.82498044099694,-2.39240018674493,-1.88582215004912,0,0,-2.55290968357238,-1.79187375673659,0,0,0,0,0,0,0,0,0,0,-1.15662439940481,0,0,0,0,0,0,0,0,0,0,0,0,0,0,0,0,0,0,0,0,0,0,0,0,0,0,0,0,0,0,0,0,0,0,0,0,0,0,0,0,0,0,0,0,0,0,0,0,0,0,0,0,0,0,0,0,0,0,0,0,0,0,0,0,0,0,0,0,0,0,0,0,0,0,0,0,0,0,0,0,0,0,0,0,0,0,0,0,0,0,0,0,0
"6",-1.66452095787834,0,-0.395797656725996,-2.1765473912547,-2.83571641681422,-3.13516729090392,-2.22741588838311,-2.54105168334617,-3.00609116120618,-0.421659270795933,-1.65895737276257,-1.62736947389287,-1.15850521780544,0,0,-2.66376712414117,-1.92539063497865,0,0,0,0,0,0,0,0,0,0,-1.36072532369837,0,0,0,0,0,0,0,0,0,0,0,0,0,0,0,0,0,0,0,0,0,0,0,0,0,0,0,0,0,0,0,0,0,0,0,0,0,0,0,0,0,0,0,0,0,0,0,0,0,0,0,0,0,0,0,0,0,0,0,0,0,0,0,0,0,0,0,0,0,0,0,0,0,0,0,0,0,0,0,0,0,0,0,0,0,0,0,0,0,0,0,0,0
"7",0,0,0,-0.534604229660076,-1.28548398385673,-0.564557741600784,-0.546631771464322,-0.490618252081668,-0.509766446142368,0,-1.05673962637674,-1.26309541687038,0,0,0,-1.12623422328725,0,0,0,0,0,0,0,0,0,0,0,0,0,0,0,0,0,0,0,0,0,0,0,0,0,0,0,0,0,0,0,0,0,0,0,0,0,0,0,0,0,0,0,0,0,0,0,0,0,0,0,0,0,0,0,0,0,0,0,0,0,0,0,0,0,0,0,0,0,0,0,0,0,0,0,0,0,0,0,0,0,0,0,0,0,0,0,0,0,0,0,0,0,0,0,0,0,0,0,0,0,0,0,0,0
"8",0,0,0,-1.31242762786182,-0.447199178770834,-1.50248381706271,-1.45728384659266,-1.03832531431849,-1.4596866891951,0,-1.23425701558565,-0.403223661720559,0,0,0,-1.31542572700815,0,0,0,0,0,0,0,0,0,0,0,0,0,0,0,0,0,0,0,0,0,0,0,0,0,0,0,0,0,0,0,0,0,0,0,0,0,0,0,0,0,0,0,0,0,0,0,0,0,0,0,0,0,0,0,0,0,0,0,0,0,0,0,0,0,0,0,0,0,0,0,0,0,0,0,0,0,0,0,0,0,0,0,0,0,0,0,0,0,0,0,0,0,0,0,0,0,0,0,0,0,0,0,0,0
"9",-0.57067465548875,-0.316957807424465,0,-0.76924396834434,-0.729210802209608,-0.678745429584007,-0.628927595091175,-0.82264124658468,-0.681180386338495,0,-0.772187308458442,-0.300053919344534,-0.506103306600798,0,0,-0.685109138434208,-0.819668671883932,0,0,0,0,0,0,0,0,0,0,0,0,0,0,0,0,0,0,0,0,0,0,0,0,0,0,0,0,0,0,0,0,0,0,0,0,0,0,0,0,0,0,0,0,0,0,0,0,0,0,0,0,0,0,0,0,0,0,0,0,0,0,0,0,0,0,0,0,0,0,0,0,0,0,0,0,0,0,0,0,0,0,0,0,0,0,0,0,0,0,0,0,0,0,0,0,0,0,0,0,0,0,0,0
"10",-1.01860675896743,-1.01467228219872,0,-0.777851734908685,-0.852055019848246,-1.084377014093,-0.795127084500438,-0.836747436183428,-0.887162206944202,0,0,0,-1.1294805368093,-1.22150037484983,-0.0634883032822353,-0.82880945054592,-0.687765052345039,0,0,0,0,0,0,0,0,0,0,0,0,0,0,0,0,0,0,0,0,0,0,0,0,0,0,0,0,0,0,0,0,0,0,0,0,0,0,0,0,0,0,0,0,0,0,0,0,0,0,0,-0.041022389081467,0,0,0,0,0,0,0,0,0,0,0,0,0,0,0,0,0,0,0,0,0,0,0,0,0,0,0,0,0,0,0,0,0,0,0,0,0,0,0,0,0,0,0,0,0,0,0,0,0,0,0,0
"11",-2.88877370334258,-2.38900435424573,-0.784321660500286,-4.96550663451128,-4.31498531218039,-5.22193011271423,-5.19037225524042,-4.54764912843269,-4.34510030990777,-0.693976879554663,-3.47960550318514,-2.27471137547093,-2.84887501538784,-0.472088468930058,-0.889247902280538,-5.39071896072218,-3.11520612631798,-1.70077428550724,-4.14705703346106,-0.801567325859093,-0.403299749037705,-3.68308233930367,-0.382719360883675,-4.202594250682,-2.00395094158807,-1.18284248650118,-0.274894441370631,-2.58226234441937,-4.14497401131665,-1.09803413454669,-1.3399615561156,-2.21865970848116,-1.89317972406356,-2.4561633208388,-1.17304393959264,-3.88703086261918,-0.315418750581972,-3.92305620231722,-0.223879517825806,-0.845981409585717,-0.54065193113293,-0.31441841690062,0,0,-1.31133752149941,0,0,0,0,0,0,0,0,0,0,0,0,0,0,0,0,0,0,0,0,0,0,0,-0.930035326151249,0,0,0,0,0,0,0,0,0,0,0,0,0,0,0,0,0,0,0,0,0,0,0,0,0,0,0,0,0,0,0,0,0,0,0,0,0,0,0,0,0,0,0,0,0,0,0,0,0,0,0,0
"12",-2.05020589207286,-1.36265479549147,-0.501845561273412,-3.68624447469859,-3.52700628345782,-2.91894307579285,-2.82816596314232,-3.39515585820843,-3.51418873303606,-0.653209111594992,-2.10650075336253,-1.29015134746309,-1.9659518056666,0,0,-3.54502823157485,-2.44501529372342,0,0,0,0,0,0,0,0,0,0,-0.765261593654914,0,0,0,0,0,0,0,0,0,0,0,0,0,0,0,0,0,0,0,0,0,0,0,0,0,0,0,0,0,0,0,0,0,0,0,0,0,0,0,0,0,0,0,0,0,0,0,0,0,0,0,0,0,0,0,0,0,0,0,0,0,0,0,0,0,0,0,0,0,0,0,0,0,0,0,0,0,0,0,0,0,0,0,0,0,0,0,0,0,0,0,0,0
"13",-2.12681220343819,-2.3808801863806,0,-1.9326482472736,-1.00133660530346,-2.6233913714662,-1.97565400718857,-2.41609247425725,-2.20051065327001,0,-1.47204229923119,-0.902332079520324,-1.5212002952694,-0.196275166784646,-0.157063753601785,-2.50442618991904,-1.70839746910376,0,0,0,0,0,0,0,0,0,0,0,0,0,0,0,0,0,0,0,0,0,0,0,0,0,0,0,0,0,0,0,0,0,0,0,0,0,0,0,0,0,0,0,0,0,0,0,0,0,0,0,-0.100808952352358,0,0,0,0,0,0,0,0,0,0,0,0,0,0,0,0,0,0,0,0,0,0,0,0,0,0,0,0,0,0,0,0,0,0,0,0,0,0,0,0,0,0,0,0,0,0,0,0,0,0,0,0
"14",-0.966586071781112,-0.321082042390966,0,-1.16401875326706,-0.337276221994071,-0.686626002099226,-0.665254621765314,-0.596777019465128,-0.619998211053349,0,0,0,-0.512172577631882,-1.15911782305678,-0.0530819677854146,-0.883853067484919,-0.996431541090695,0,0,0,0,0,0,0,0,0,0,0,0,0,0,0,0,0,0,0,0,0,0,0,0,0,0,0,0,0,0,0,0,0,0,0,0,0,0,0,0,0,0,0,0,0,0,0,0,0,0,0,-1.02469606006445,0,0,0,0,0,0,0,0,0,0,0,0,0,0,0,0,0,0,0,0,0,0,0,0,0,0,0,0,0,0,0,0,0,0,0,0,0,0,0,0,0,0,0,0,0,0,0,0,0,0,0,0
"15",-1.52449276459874,-1.51860424941505,0,-1.12014421089311,-1.27522392853101,-1.62292749142736,-1.4507677836181,-1.02772830782499,-1.06763581194767,0,0,0,-0.883023389535296,-0.114692610784716,-1.54526620069202,-1.19570867224936,-1.57156482920512,0,0,0,0,0,0,0,0,0,0,0,0,0,0,0,0,0,0,0,0,0,0,0,0,0,0,0,0,0,0,0,0,0,0,0,0,0,0,0,0,0,0,0,0,0,0,0,0,0,0,0,-0.0606555218211903,0,0,0,0,0,0,0,0,0,0,0,0,0,0,0,0,0,0,-0.0483635792377377,-1.08555518529264,-0.902915427527268,0,0,0,0,0,0,0,0,0,0,0,0,0,0,0,0,0,0,0,0,0,0,0,0,0,0,0,0,0,0,0
"16",-0.704547225618623,-0.468796390210537,0,-1.5356187449259,-0.492514987852145,-1.0027255762022,-1.21349082144993,-1.04749461047179,-1.11060708429179,0,0,0,-1.4139568569663,-1.52915324746089,-0.0774417557050498,-1.01259461418593,-1.31453118623701,0,0,0,0,0,0,0,0,0,0,0,0,0,0,0,0,0,0,0,0,0,0,0,0,0,0,0,0,0,0,0,0,0,0,0,0,0,0,0,0,0,0,0,0,0,0,0,0,0,0,0,-1.35181883734279,0,0,0,0,0,0,0,0,0,0,0,0,0,0,0,0,0,0,0,0,0,0,0,0,0,0,0,0,0,0,0,0,0,0,0,0,0,0,0,0,0,0,0,0,0,0,0,0,0,0,0,0
"17",-2.85660021598242,-1.51873017902767,-0.434445652444838,-3.20032731480373,-2.45573124166502,-2.52571295651485,-2.44751311978712,-2.72930515394909,-2.62648680347096,-0.463092271516738,-1.97582560950716,-0.668401947498077,-1.88400234176997,-0.24200642447261,-0.818076654109904,-2.6376010512648,-2.11597271744052,0,0,0,0,0,0,0,0,0,0,-1.15553178099776,0,0,0,0,0,0,0,0,0,0,0,0,0,0,0,0,0,0,0,0,0,0,0,0,0,0,0,0,0,0,0,0,0,0,0,0,0,0,0,0,-0.125235659288963,0,0,0,0,0,0,0,0,0,0,0,0,0,0,0,0,0,0,0,0,0,0,0,0,0,0,0,0,0,0,0,0,0,0,0,0,0,0,0,0,0,0,0,0,0,0,0,0,0,0,0,0
"18",0,0,0,0,0,0,0,0,0,0,0,0,0,0,0,0,0,18.5743540080837,13.0012815799858,5.02780682777291,8.43520844571129,17.6374520523363,12.3139051903489,13.2976405665566,12.9970084306021,6.51450584886476,11.1992874659868,3.91871019019402,12.5762381504231,8.72912309165264,9.73989537943176,2.76387502494251,0.636379333138591,0,7.89710117486662,6.96451337900626,10.754015561547,13.2725893109008,8.51661513808002,5.24898768320753,8.89245015415223,11.0935252429474,16.7527426221154,16.5148856368061,24.5450044285457,16.001181367631,9.3494249397554,16.4020838384666,0,4.87227350079727,16.2396262283741,6.42818264411554,7.01244955147331,14.5802686923049,8.34593393512373,4.08110509954511,17.7726893397011,8.09061999504361,0,8.88942042643373,3.63114620927894,17.6224070909577,9.67885579104618,3.53733610966426,14.163569198834,8.6477990867976,10.2824351205028,0,0,7.12529900869195,6.68514261070687,5.09004356219791,17.8980046265026,4.41779506632266,4.05132951381901,15.9575097564181,12.8777690650247,20.4489500183647,24.756912809668,7.22648629949766,2.22596344264981,9.81595265148282,14.8617439604246,7.86619748078078,12.1729158955692,5.18448573901722,15.0155961873719,0,0,0,0,0,0,0,0,0,0,0,0,0,0,0,0,0,0,0,0,0,0,0,0,0,0,0,0,0,0,0,0,0,0
"19",10.4329206900563,6.80588038975976,5.55277593984435,13.1089557662287,7.70903763630877,13.3574613669175,15.9059286490496,11.8230363258803,12.1904339917246,3.14410898487062,10.3307511744414,6.36438677433523,11.294176753797,0,0,16.1797755736733,13.1992696009623,15.1225111136275,18.640311937426,8.05375429655107,6.46576794095709,13.430148073776,7.47613804964542,19.452218796508,15.9415998056108,13.8529351508304,5.41676053224719,10.4442914188259,14.9609505990805,7.64770876289163,8.98195563507715,5.5393036106145,1.01071896671564,0,7.89779850825275,15.0831128189435,5.85278606155425,15.1214260608398,4.24075508759968,8.50000516793896,4.28797090127624,6.73520909016771,16.6499573150644,7.4875784653131,27.8359723753786,15.8758918701992,11.1831164474788,24.1426086527706,0,9.13444603005466,17.5696437518492,4.53972517716632,6.82217948346407,15.6595578820082,8.86250799811338,4.41677022388251,19.3493034339918,7.87109573245973,0,8.92136192684167,5.93198939739256,16.9144569510403,15.409487802433,3.88619122446833,15.2237297331317,10.7691705718767,13.9043177216673,0,0,6.93196697585257,6.50375342140091,7.88757745160049,25.2565280300714,4.74137936270846,6.25783795225648,18.2860459230052,11.4175324113348,18.1730004889397,26.5911572991209,8.4327727351156,2.42191200043014,9.23069492609149,16.1407099853712,7.65276251505932,18.8890079316149,5.41008208171093,15.3922218017065,6.87390294855782,5.7682750468821,6.86238667615535,0,0,0,0,0,0,0,0,0,0,0,0,0,0,0,0,0,0,0,0,0,0,0,0,0,0,0,0,0,0,0
"20",0,0,0,0,0,0,0,0,0,0,0,0,0,0,0,0,0,1.44642675619571,10.9233563331273,0,0,1.28338655501211,0,9.83894214358572,1.82850707809937,10.7741088520816,0,1.09743605081311,1.76770801643651,0,0,0,0,0.562989241848935,9.5882153575036,1.02892580981486,0,12.0859445214144,0,0,0,0,0,0,12.2916749649604,0,0,0,0,0,0,0,0,0,0,0,0,0,0,0,0,0,0,0,0,0,0,0,0,0,0,0,0,0,0,0,0,0,0,0,0,0,0,0,0,0,0,0,0,0,0,0,0,0,0,0,0,0,0,0,0,0,0,0,0,0,0,0,0,0,0,0,0,0,0,0,0,0,0,0,0
"21",0,0,0,0,0,0,0,0,0,0,0,0,0,0,0,0,0,7.69831316696692,1.20512180972483,0,0,0.803587641055531,0,8.69342116205082,1.1381335752655,0.621841426352119,0,6.66691895877914,1.09946646853617,0.523365843593606,7.13156294015489,7.50900601771411,0.0701447622818871,6.22015043912227,0.546011179960055,6.58771923996498,0,6.37051562362394,0,0,0,0,0,0,0,0,0,0,0,0,0,0,0,0,0,0,0,0,0,0,0,0,0,0,0,0,0,0,0,0,0,0,0,0,0,0,0,0,0,0,0,0,0,0,0,0,0,0,0,0,0,0,0,0,0,0,0,0,0,0,0,0,0,0,0,0,0,0,0,0,0,0,0,0,0,0,0,0,0,0,0
"22",0,0,0,0,0,0,0,0,0,0,0,0,0,0,0,0,0,-0.111631454537609,-1.1448382157109,0,0,-1.08320155584684,0,-0.153243639880385,-1.14725951535702,-1.12919611682765,0,-0.0945228352926795,-0.135490602781569,0,0,0,0,-0.0445986195185984,-0.0634281708539235,-1.188349262721,0,-0.140088517946154,0,0,0,0,0,0,-0.19947000490671,0,0,0,0,0,0,0,0,0,0,0,0,0,0,0,0,0,0,0,0,0,0,0,0,0,0,0,0,0,0,0,0,0,0,0,0,0,0,0,0,0,0,0,0,0,0,0,0,0,0,0,0,0,0,0,0,0,0,0,0,0,0,0,0,0,0,0,0,0,0,0,0,0,0,0,0
"23",0,0,0,0,0,0,0,0,0,0,0,0,0,0,0,0,0,-0.0897133859946608,-0.117926750936226,0,0,-0.0785060301834992,0,-0.124524934660598,-1.43745566232585,-0.060910169873536,0,-1.22570987210307,-0.10736604422279,0,0,0,0,-1.67932714013505,-1.25909525299739,-0.064717407465164,0,-0.110117823356155,0,0,0,0,0,0,-0.138121750109512,0,0,0,0,0,0,0,0,0,0,0,0,0,0,0,0,0,0,0,0,0,0,0,0,0,0,0,0,0,0,0,0,0,0,0,0,0,0,0,0,0,0,0,0,0,0,0,0,0,0,0,0,0,0,0,0,0,0,0,0,0,0,0,0,0,0,0,0,0,0,0,0,0,0,0,0
"24",0,0,0,0,0,0,0,0,0,0,0,0,0,0,0,0,0,-0.121310156289249,-0.158670173797128,0,0,-1.00382654773746,0,-0.955621309913098,-1.06319045836251,-1.04645071229378,0,-0.0882649667813003,-0.148589647970321,0,0,0,0,-0.0467697975648045,-0.0662078252677354,-0.0861249556533329,0,-0.154486799256613,0,0,0,0,0,0,-1.19384648874057,0,0,0,0,0,0,0,0,0,0,0,0,0,0,0,0,0,0,0,0,0,0,0,0,0,0,0,0,0,0,0,0,0,0,0,0,0,0,0,0,0,0,0,0,0,0,0,0,0,0,0,0,0,0,0,0,0,0,0,0,0,0,0,0,0,0,0,0,0,0,0,0,0,0,0,0
"25",0,0,0,0,0,0,0,0,0,0,0,0,0,0,0,0,0,-0.112644145088989,-0.147762426111649,0,0,-0.099357564619341,0,-0.154899563920677,-1.68295929349873,-1.65646139653625,0,-0.0982825664568751,-0.136428426176777,0,0,0,0,-0.0453390078862703,-1.47413663806748,-1.74323543090973,0,-0.140885725504709,0,0,0,0,0,0,-0.196993667915008,0,0,0,0,0,0,0,0,0,0,0,0,0,0,0,0,0,0,0,0,0,0,0,0,0,0,0,0,0,0,0,0,0,0,0,0,0,0,0,0,0,0,0,0,0,0,0,0,0,0,0,0,0,0,0,0,0,0,0,0,0,0,0,0,0,0,0,0,0,0,0,0,0,0,0,0
"26",0,0,0,0,0,0,0,0,0,0,0,0,0,0,0,0,0,-0.566739299826905,-3.72174226746966,-0.689650645650472,-0.230266680364517,-0.498571786496831,-0.24217548381672,-3.75236399684811,-0.707661232892382,-3.3239613890169,-0.188290130160331,-3.20426028910192,-3.78179765639363,-1.69327959678096,-1.79725119870423,-1.69750559588703,-0.0423080935848069,-0.230339985234492,-2.7068589646866,-0.406296878123019,-0.204807441708376,-3.62581846196485,-0.148052630793976,-0.727863532490903,-0.603901062826473,-0.204302263817148,0,0,-0.959908358835256,0,0,0,0,0,0,0,0,0,0,0,0,0,0,0,0,0,0,0,0,0,0,0,0,0,0,0,0,0,0,0,0,0,0,0,0,0,0,0,0,0,0,0,0,0,0,0,0,0,0,0,0,0,0,0,0,0,0,0,0,0,0,0,0,0,0,0,0,0,0,0,0,0,0,0,0
"27",0,0,0,0,0,0,0,0,0,0,0,0,0,0,0,0,0,-0.526570100363623,-4.21179289803655,-1.23117707804517,-1.28960382278685,-0.465341501194396,-0.944130625469487,-0.722089975514319,-4.20528415748722,-0.353322549851739,-0.858670756078409,-0.438057130968937,-4.23599156121756,-2.44153993395953,-2.61644980258237,-2.40704816625391,-0.0384639505340246,-0.209412299436618,-0.297663030778847,-3.99977993136633,-0.824530908877681,-0.661815856189511,-1.30204955929174,-1.29939542984486,-0.681801134263736,-0.201228422426332,0,0,-0.925932488496067,0,0,0,0,0,0,0,0,0,0,0,0,0,0,0,0,0,0,0,0,0,0,0,0,0,0,0,0,0,0,0,0,0,0,0,0,0,0,0,0,0,0,0,0,0,0,0,0,0,0,0,0,0,0,0,0,0,0,0,0,0,0,0,0,0,0,0,0,0,0,0,0,0,0,0,0
"28",-1.55059451335579,0,-0.517316176555522,-1.52762166002693,-1.0987717753707,-2.5585039234913,-2.58343676549887,-1.30015558798311,-1.30037768026443,-1.08198629228471,-1.25856707018553,0,-1.0792125061092,0,0,-2.67760046366692,-2.2200962774122,-0.984846023098617,-1.29391234284787,-1.06428792709518,-1.11479477956743,-4.93576282066512,-1.54710006604262,-5.44892588763027,-1.18021318157943,-4.81257218654841,-1.40706121335401,-5.94700816370145,-1.13842844064417,-0.611320986838755,-0.742152694003004,-0.58069751700539,-2.07600154736466,-0.448555861247783,-0.648610819958512,-0.719240686871804,-1.35111793767362,-1.14754505949362,-0.16579969707609,-1.12325910965003,-0.163070873350944,-0.231067385264013,0,0,-1.01674401336504,0,0,0,0,0,0,0,0,0,0,0,0,0,0,0,0,0,0,0,0,0,0,0,0,0,0,0,0,0,0,0,0,0,0,0,0,0,0,0,0,0,0,0,0,0,0,0,0,0,0,0,0,0,0,0,0,0,0,0,0,0,0,0,0,0,0,0,0,0,0,0,0,0,0,0,0
"29",0,0,0,0,0,0,0,0,0,0,0,0,0,0,0,0,0,-4.80092449971017,-4.90684940636446,-1.43601918186957,-0.277675644149084,-4.36909405392393,-0.293111854163096,-5.11285846293036,-0.833272074706583,-4.32795635639616,-1.082623647058,-0.576519130573093,-0.80526057515129,-0.367647090039945,-3.14383375839612,-2.90446449000335,-0.0490617474051712,-0.267108380742298,-0.380180972969901,-4.65079858577662,-0.24810124225707,-0.831766487948837,-0.179457944763028,-0.280216243235401,-0.859624047191244,-0.247495487972769,0,0,-1.16728260225352,0,0,0,0,0,0,0,0,0,0,0,0,0,0,0,0,0,0,0,0,0,0,0,0,0,0,0,0,0,0,0,0,0,0,0,0,0,0,0,0,0,0,0,0,0,0,0,0,0,0,0,0,0,0,0,0,0,0,0,0,0,0,0,0,0,0,0,0,0,0,0,0,0,0,0,0
"30",0,0,0,0,0,0,0,0,0,0,0,0,0,0,0,0,0,-0.184181357239028,-1.31390057142061,-2.47577049790374,-0.076037292253769,-2.12493439833464,0,-0.253495723866058,-0.230554802052975,-1.2814758172233,0,-0.163144863714214,-0.222823704051872,-0.102120653004798,-1.47489188879594,-1.20838453571491,-1.07014705960212,0,-1.1958414350536,-0.131967772843566,0,-1.43271371576223,-0.04903472813651,-0.0769175547178352,0,0,0,0,0,0,0,0,0,0,0,0,0,0,0,0,0,0,0,0,0,0,0,0,0,0,0,0,0,0,0,0,0,0,0,0,0,0,0,0,0,0,0,0,0,0,0,0,0,0,0,0,0,0,0,0,0,0,0,0,0,0,0,0,0,0,0,0,0,0,0,0,0,0,0,0,0,0,0,0,0
"31",0,0,0,0,0,0,0,0,0,0,0,0,0,0,0,0,0,-0.372605695541615,-2.99091851837675,0,0,-0.329175549391302,0,-2.86378190554589,-0.468155806788477,-0.249864301495299,0,-0.309106255122292,-2.92030022836973,-1.34615137258083,-1.37093354679426,-0.156680362054571,-0.0271891641924144,-2.74583930230445,-0.210394738918851,-0.265954446974643,0,-2.689604261504,0,0,0,0,0,0,-1.48990753323399,0,0,0,0,0,0,0,0,0,0,0,0,0,0,0,0,0,0,0,0,0,0,0,0,0,0,0,0,0,0,0,0,0,0,0,0,0,0,0,0,0,0,0,0,0,0,0,0,0,0,0,0,0,0,0,0,0,0,0,0,0,0,0,0,0,0,0,0,0,0,0,0,0,0,0,0
"32",0,0,0,0,0,0,0,0,0,0,0,0,0,0,0,0,0,-0.783700926291074,-5.32319528649808,-0.32241114888058,-0.332892468372267,-4.89059540199452,-1.72420484470979,-1.07536171656841,-5.43047424154352,-4.71959277466483,-0.27498527884215,-0.659034144909321,-0.951386767936164,-2.6963838068778,-0.511481873877695,-2.69294064479851,-0.0574004595938042,-2.48375820091424,-3.53362629522689,-5.24960750111949,-1.50578759903367,-5.11378403326785,-1.22418206958982,-0.33485711513098,-0.217595631620978,-1.55332607106571,0,0,-1.40647725450988,0,0,0,0,0,0,0,0,0,0,0,0,0,0,0,0,0,0,0,0,0,0,0,0,0,0,0,0,0,0,0,0,0,0,0,0,0,0,0,0,0,0,0,0,0,0,0,0,0,0,0,0,0,0,0,0,0,0,0,0,0,0,0,0,0,0,0,0,0,0,0,0,0,0,0,0
"33",0,0,0,0,0,0,0,0,0,0,0,0,0,0,0,0,0,-2.22149184860286,-2.32554169376264,-0.60643183592167,-0.635210667750544,-1.85438514398008,0,-2.42404127532174,-0.388990115935577,-0.211183060999844,0,-1.82071863755856,-0.375830998729369,-0.176252973811743,-2.10873082672804,-2.04898465921978,-0.0235945397082089,-0.128456100390003,-0.18337671399062,-0.2245239307944,0,-1.9409931813133,-0.0790590280452456,-0.126101674567927,0,0,0,0,0,0,0,0,0,0,0,0,0,0,0,0,0,0,0,0,0,0,0,0,0,0,0,0,0,0,0,0,0,0,0,0,0,0,0,0,0,0,0,0,0,0,0,0,0,0,0,0,0,0,0,0,0,0,0,0,0,0,0,0,0,0,0,0,0,0,0,0,0,0,0,0,0,0,0,0,0
"34",-2.63106304592592,-1.61284432447172,0,-3.31835668252141,-2.66115646748304,-3.50989130000849,-3.47022459588712,-2.80805284141564,-2.62810546877146,0,-2.55048425133176,-1.53352247586922,-2.97514965517128,-0.32156700774224,-0.257485970469718,-2.94689247847182,-3.13518042199599,-2.29443440188997,-2.27619113952778,-1.0579240405907,-1.10812888843746,-0.901739316401537,0,-1.54471035509155,-2.08441500022527,-1.90519624066892,0,-1.80709637908848,-2.15650861900026,-0.704547137697815,-0.861519799877509,-2.03237180650605,-0.0952354821671322,-0.518454534758149,-0.754700274801302,-0.79208964805787,0,-2.07778721893346,-1.11882324271531,-0.276834801887429,0,0,0,0,0,0,0,0,0,0,0,0,0,0,0,0,0,0,0,0,0,0,0,0,0,0,0,0,-1.68352056523283,0,0,0,0,0,0,0,0,0,0,0,0,0,0,0,0,0,0,0,0,0,0,0,0,0,0,0,0,0,0,0,0,0,0,0,0,0,0,0,0,0,0,0,0,0,0,0,0,0,0,0,0
"35",-1.01392767330424,0,-0.799612729915745,-1.54486786696361,-0.82006387816301,-1.62086921348151,-1.0026728707178,-0.850166641828396,-1.46643263572343,-0.707506594686111,-1.18675683889382,0,-0.705692826780348,0,0,-1.69479426611829,-0.764800428853404,-0.617608972624126,-0.81174481438251,-0.628000239238625,-0.174447217869974,-2.89889720980598,0,-0.875675826867235,-3.1552398995566,-2.93456164001559,0,-3.58132099182467,-0.713476718590961,-0.384149657866057,-0.466777061978011,-0.366259544952512,-0.0518120504462154,-0.282068774647373,-0.407984384757647,-0.451387263129408,0,-0.718811638730719,-0.664150957093893,-0.662797135651525,0,0,0,0,-1.48814450238727,0,0,0,0,0,0,0,0,0,0,0,0,0,0,0,0,0,0,0,0,0,0,0,0,0,0,0,0,0,0,0,0,0,0,0,0,0,0,0,0,0,0,0,0,0,0,0,0,0,0,0,0,0,0,0,0,0,0,0,0,0,0,0,0,0,0,0,0,0,0,0,0,0,0,0,0
"36",-1.23633574283157,0,-0.65570839638988,-0.819135195470156,-0.589179020268342,-1.72232184467035,-1.74609581958744,-1.50231550388619,-0.697283334729394,-0.580178375456551,-1.26334436766983,0,-0.578691026893408,0,0,-0.605776794868927,-1.49950216033383,-2.71709361081441,-0.905419283550016,0,0,-2.63366261251517,0,-0.974111277372789,-0.828775612159619,-0.474381171618122,0,-3.14564646952897,-2.98074043840153,-0.424033438600396,-1.46601093660373,-0.398321541869107,-0.0571547650831076,-2.77951190717081,-2.61944010384952,-2.68491704851616,0,-2.72798681244099,0,0,0,0,0,0,-0.748865817870436,0,0,0,0,0,0,0,0,0,0,0,0,0,0,0,0,0,0,0,0,0,0,0,0,0,0,0,0,0,0,0,0,0,0,0,0,0,0,0,0,0,0,0,0,0,0,0,0,0,0,0,0,0,0,0,0,0,0,0,0,0,0,0,0,0,0,0,0,0,0,0,0,0,0,0,0
"37",0,0,0,0,0,0,0,0,0,0,0,0,0,0,0,0,0,-0.235162714764335,-0.307959894413904,-1.92014617745029,-1.80162596322033,-0.208052949420506,-0.108246030550282,-0.3219110835567,-0.296068725542695,-0.157489289351658,-1.10012648610325,-0.189619573302641,-2.11091233664488,-1.99900599004648,-0.151765855668592,-1.00225532735799,-0.0170460869380576,0,-0.991851859680423,-2.16871585655408,-0.0917322161008314,-2.10396511435235,-1.0696609269451,-1.06748050413084,-0.0670157802059542,-1.08973726954388,0,0,0,0,0,0,0,0,0,0,0,0,0,0,0,0,0,0,0,0,0,0,0,0,0,0,0,0,0,0,0,0,0,0,0,0,0,0,0,0,0,0,0,0,0,0,0,0,0,0,0,0,0,0,0,0,0,0,0,0,0,0,0,0,0,0,0,0,0,0,0,0,0,0,0,0,0,0,0
"38",0,0,0,0,0,0,0,0,0,0,0,0,0,0,0,0,0,-1.54091677560367,0,-1.53948259878997,-0.0173183021017029,-0.0349685678300881,0,-0.0540981492340913,-0.0497834351307273,0,0,0,0,-0.0214998391417645,0,0,0,0,0,0,0,0,0,0,0,0,0,0,0,0,0,0,0,0,0,0,0,0,0,0,0,0,0,0,0,0,0,0,0,0,0,0,0,0,0,0,0,0,0,0,0,0,0,0,0,0,0,0,0,0,0,0,0,0,0,0,0,0,0,0,0,0,0,0,0,0,0,0,0,0,0,0,0,0,0,0,0,0,0,0,0,0,0,0,0
"39",0,0,0,0,0,0,0,0,0,0,0,0,0,0,0,0,0,-1.11623320501051,-0.989712495220022,-0.0674421101197665,-0.96216214495651,-0.790100012580061,0,-1.13236480671269,-0.21249607722519,-0.114794905288942,0,-0.81044863481416,-0.975547697794196,-0.995687522307065,-1.11098127452805,-0.910231184947737,-0.806102029064519,0,-0.0988183907913213,-0.122086935209055,0,-0.211596472762591,-0.971447800224832,-0.969467577433555,0,0,0,0,0,0,0,0,0,0,0,0,0,0,0,0,0,0,0,0,0,0,0,0,0,0,0,0,0,0,0,0,0,0,0,0,0,0,0,0,0,0,0,0,0,0,0,0,0,0,0,0,0,0,0,0,0,0,0,0,0,0,0,0,0,0,0,0,0,0,0,0,0,0,0,0,0,0,0,0,0
"40",0,0,0,0,0,0,0,0,0,0,0,0,0,0,0,0,0,-0.0492320065204007,0,-0.0208222573078195,-0.944232141585532,-0.990181375852745,0,-0.0672984624158699,-1.19793118844437,0,0,0,0,-0.0266229045446859,0,0,0,0,0,0,0,0,0,0,0,0,0,0,0,0,0,0,0,0,0,0,0,0,0,0,0,0,0,0,0,0,0,0,0,0,0,0,0,0,0,0,0,0,0,0,0,0,0,0,0,0,0,0,0,0,0,0,0,0,0,0,0,0,0,0,0,0,0,0,0,0,0,0,0,0,0,0,0,0,0,0,0,0,0,0,0,0,0,0,0
"41",0,0,0,0,0,0,0,0,0,0,0,0,0,0,0,0,0,-0.17095696470151,-0.224342617751209,0,0,-0.150126500771563,-0.0712513244191412,-1.37144434971386,-1.70510798587367,-1.26854393968975,-0.0552768549966592,-1.41881918199867,-1.50816531338851,0,0,0,0,0,0,-1.78416263902134,-0.0602132558318457,-0.211740669456011,0,0,-0.043721605270737,-0.0600635133148433,0,0,0,0,0,0,0,0,0,0,0,0,0,0,0,0,0,0,0,0,0,0,0,0,0,0,0,0,0,0,0,0,0,0,0,0,0,0,0,0,0,0,0,0,0,0,0,0,0,0,0,0,0,0,0,0,0,0,0,0,0,0,0,0,0,0,0,0,0,0,0,0,0,0,0,0,0,0,0
"42",0,0,0,0,0,0,0,0,0,0,0,0,0,0,0,0,0,-5.71878392463738,-5.89022896081638,-1.57291365564403,-1.64755785289057,-1.93784020721319,-1.22470340051493,-2.87692796616141,-2.78062322376228,-5.32512173851143,-0.972664214845955,-1.00667120275977,-2.69007257782534,-3.004807795412,-3.22616064186836,-2.95246793361486,-2.54457774678857,-3.0033787786229,-1.069883581722,-5.72076761908282,-1.04317211860482,-5.8180353228388,-1.66345813990222,-1.0938555462184,-0.770551048298,-1.23809711635595,0,0,-5.04101090315753,0,0,-4.59736482207336,0,-0.999248936233548,-3.64072465748345,-0.982129823395755,-1.65021630495113,-3.43544728025057,-1.69345678529972,-0.831061791408655,-3.78141824630559,-1.88417843070274,0,-1.78655946940538,-0.931596109504528,-3.12269638961831,-1.97423602878947,-2.28377659792854,-2.96224245370547,-1.10562008383037,-1.23186425592572,0,0,-1.08863874044628,-0.950490827503867,-1.23871368862469,-3.48611458709218,-0.898285745004645,-0.98276937123226,-2.19692413497842,-2.61264926624062,-4.11802300863973,-3.54089864265878,-0.86575310847697,-0.453722021728737,-1.73895859231805,-3.22884129576742,-1.04032558502243,-2.48095415690183,-1.0489399003715,-3.04585213145479,0,0,0,0,0,0,0,0,0,0,0,0,0,0,0,0,0,0,0,0,0,0,0,0,0,0,0,0,0,0,0,0,0,0
"43",7.87250395498982,0,6.20848463303853,7.75586876949738,7.05496710812983,6.9893281398255,14.9372119980216,6.60100362818103,6.60213121011686,3.0272115800416,6.38985508610667,0,10.6810703988442,0,0,14.988413747769,12.4158576103342,18.7837262330525,32.0391341421337,11.3533475785526,11.892132090354,16.786010639295,10.5418621284951,33.0959188426888,34.5846469407956,12.401933514511,7.79303950708628,11.325427915224,33.915695021864,9.70617535661365,11.3279752805672,6.49499320329803,1.27918149648227,14.146668622901,9.8072126122518,13.2301882598551,9.20644975132439,34.6883785038389,6.08550793590478,11.9824257778053,6.17152600762122,8.36774496940302,15.4751977467333,10.8280028033099,47.5314206481688,14.7580487408422,24.3713629759912,35.8488748092619,0,6.03367091452947,23.0903137936374,6.66336793714616,12.8104711506327,22.7886214719852,13.1837117665422,6.51602557204086,24.9389924273567,14.5570950478424,0,7.97744364641887,5.95758948222123,20.2733732514357,11.4606662132015,5.6951740410487,24.2086277552949,13.8962231854384,20.6273796313072,0,0,9.36349525329959,5.6108700697811,6.80471250657174,37.4608825087634,6.65943091207776,6.61852739326643,27.0131693429621,20.3271770472467,24.5087533564483,39.3593992728205,5.57018733410806,3.56457371617496,13.6257077180171,25.2529501596705,8.34267774811397,14.1469194431092,6.82217680633179,22.2593443879711,0,0,0,0,0,0,0,0,0,0,0,0,0,0,0,0,0,0,0,0,0,0,0,0,0,0,0,0,0,0,0,0,0,0
"44",0,0,0,0,0,0,0,0,0,0,0,0,0,0,0,0,0,0,0,0,0,0,0,0,0,0,0,0,0,0,0,0,0,0,0,0,0,0,0,0,0,0,-0.030131181997751,-0.0214181296466943,-0.0795327060996647,-1.16212755838783,-1.50713627412136,0,0,0,0,0,0,0,0,0,0,0,0,0,0,0,0,0,0,0,0,0,0,0,0,0,0,0,0,0,0,0,0,0,0,0,0,0,0,0,0,0,0,0,0,0,0,0,0,0,0,0,0,0,0,0,0,0,0,0,0,0,0,0,0,0,0,0,0,0,0,0,0,0,0
"45",0,0,0,0,0,0,0,0,0,0,0,0,0,0,0,0,0,-0.946553293165478,-0.725018925300254,0,0,-1.0119448558038,0,-0.963349764800173,-0.723717874586775,-0.36356940811971,0,-0.913907973396658,-0.700260438843557,0,0,0,0,-1.25213192635669,-0.938800622537071,-1.11017558719127,0,-0.738531293345429,0,0,0,0,-0.734971374010461,-0.778830258596737,-1.35545012252727,-0.485660761757327,-0.884001524148984,-1.2473052384471,0,0,-1.70410521474816,0,-1.34309678892314,-0.992524620675633,-0.459777575641716,0,-1.81625010611977,0,0,0,0,-0.969497806564024,0,-0.195116261672066,-0.839624619240681,0,0,0,0,0,0,0,-1.30172287549488,0,0,0,0,-1.83207443719401,-1.36444459173122,0,0,0,-1.31778254634567,0,0,0,-1.81848160944509,0,0,0,0,0,0,0,0,0,0,0,0,0,0,0,0,0,0,0,0,0,0,0,0,0,0,0,0,0,0,0,0,0,0
"46",0,0,0,0,0,0,0,0,0,0,0,0,0,0,0,0,0,0,0,0,0,0,0,0,0,0,0,0,0,0,0,0,0,0,0,0,0,0,0,0,0,0,-0.991749965106026,-2.47352918547137,-2.69436920009837,-0.946809332421582,-2.79477129465838,-2.72222140956363,0,-1.22140739945465,-2.0455352148422,-1.12560163345705,-1.22790920959583,-2.06091121774692,-0.939184578240343,-1.13422039307108,-2.90975825851041,-1.0561373834301,0,-1.61488898491382,-1.0676858370464,-2.57414701620163,-1.07765489453344,-0.393005295836029,-2.33815882310779,-1.43999368754284,-1.60441798985523,0,0,-0.644049373004275,-0.520240394608092,-0.56443355472813,-2.93973958514765,-0.495043768180426,-0.445739116945234,-1.89546219588646,-1.52668903235441,-2.33605014737665,-2.77385218866969,-1.12758354285531,-1.55717099736188,-1.53163047829045,-2.43704952992264,-1.37740403838212,-2.90795676158818,-1.42331144544731,-2.36254799837702,0,0,0,0,0,0,0,0,0,0,0,0,0,0,0,0,0,0,0,0,0,0,0,0,0,0,0,0,0,0,0,0,0,0
"47",0,0,0,0,0,0,0,0,0,0,0,0,0,0,0,0,0,0,0,0,0,0,0,0,0,0,0,0,0,0,0,0,0,0,0,0,0,0,0,0,0,0,-0.047650129331214,-0.0341303300690067,-0.991210433683491,-1.01507759999348,-0.910383913236488,0,0,0,0,0,0,0,0,0,0,0,0,0,0,0,0,0,0,0,0,0,0,0,0,0,0,0,0,0,0,0,0,0,0,0,0,0,0,0,0,0,0,0,0,0,0,0,0,0,0,0,0,0,0,0,0,0,0,0,0,0,0,0,0,0,0,0,0,0,0,0,0,0,0
"48",0,0,0,0,0,0,0,0,0,0,0,0,0,0,0,0,0,0,0,0,0,0,0,0,0,0,0,0,0,0,0,0,0,0,0,0,0,0,0,0,0,0,0,0,0,0,0,10.0384851509378,0,0,4.93603222543103,7.55273611629296,2.19242924408001,5.01755153453448,2.27245164851843,1.07856573846212,4.72707141810911,9.50600211954238,0,0,7.16412373847406,4.88711883695939,7.65870368600205,0,4.05226860254313,0,0,0,0,1.51375430049421,1.22894631583574,1.32604730749938,9.0589706578491,1.17441920448563,7.55765434189593,10.158753016239,0,9.92843154896412,6.62006808779548,0,0,0,7.27661933692938,1.27755173128205,3.20787086890569,9.55035550698954,4.06204991304482,1.45843256387448,1.72458586875995,11.1350471238466,0,0,0,0,0,0,6.75235045570133,0,0,0,0,0,0,0,7.48428964315367,3.08532164874199,2.54642011402179,2.10169875224021,2.56519719709788,1.75684376260717,6.74780464881489,17.9043019659771,19.820778912123,0,0,0,0,2.9108661726625,0,0,0
"49",0,0,0,0,0,0,0,0,0,0,0,0,0,0,0,0,0,0,0,0,0,0,0,0,0,0,0,0,0,0,0,0,0,0,0,0,0,0,0,0,0,0,0,0,0,0,0,5.11635961488355,6.75296390810352,0.448100171163304,1.73602379701536,0,0,7.0689369435238,0.793797661333003,0,0,0.895816566234965,4.97975079763076,0.86975697202807,0,6.08782891718809,0,0,0,5.08719621925826,1.23259072409924,5.94641370963616,0.0540554773518487,0,0,0,2.23712461538862,0,0,0,1.22495515097343,1.9892493784817,2.33860910691472,0,0,0.80495184054395,0,0,0,0,5.37285540075011,0,0,0,0,0,0,0,0,0,0,0,0,0,0,0,0,0,0,0,0,0,0,0,0,0,0,0,0,0,0,0,0,0,0
"50",0,0,0,0,0,0,0,0,0,0,0,0,0,0,0,0,0,0,0,0,0,0,0,0,0,0,0,0,0,0,0,0,0,0,0,0,0,0,0,0,0,0,0,0,0,0,0,14.0621757952422,0,0,11.711046356453,1.7831698411197,11.541710990813,11.4883156439794,3.63803166909633,10.661084609848,7.69670972487382,13.3162594659475,0,0,1.53462403332506,11.423053082559,4.16487876961323,0,11.0606060212549,0,0,0,0,11.7274486294408,11.0030002182243,13.3441431121365,12.6900459580511,13.059243730037,1.7183211982152,14.2306502053702,0,13.9080097956332,10.7346586302305,0,0,0,6.87937915824542,2.12422301342048,13.9744041567906,13.3783908654584,11.1285854325005,0,0,0,0,0,0,0,0,0,0,0,0,0,0,0,0,0,0,0,0,0,0,0,0,0,0,0,0,0,0,0,0,0,0
"51",0,0,0,0,0,0,0,0,0,0,0,0,0,0,0,0,0,0,0,0,0,0,0,0,0,0,0,0,0,0,0,0,0,0,0,0,0,0,0,0,0,0,0,0,-0.966429509831786,0,0,-1.07766247660385,0,0,-1.03185234822104,0,-0.813258221114761,-0.474614572246994,-0.901127675518463,0,-1.09975717504823,0,0,0,0,-0.462938568495605,0,-0.0901007375205603,-0.391975777932024,0,0,0,0,0,0,0,-0.608829296540491,0,0,0,0,-1.10933896203924,-0.636828014980349,0,0,0,-0.797930200038988,0,0,0,-1.10110837210248,0,0,0,0,0,0,0,0,0,0,0,0,0,0,0,0,0,0,0,0,0,0,0,0,0,0,0,0,0,0,0,0,0,0
"52",0,0,0,0,0,0,0,0,0,0,0,0,0,0,0,0,0,0,0,0,0,0,0,0,0,0,0,0,0,0,0,0,0,0,0,0,0,0,0,0,0,0,0,0,-0.832690135202051,0,0,-1.80521539521617,0,0,-0.635577110884726,0,-0.285046128568381,-0.640990100945852,-0.291435129134644,0,-1.84222669573964,0,0,0,0,-1.32576688394904,0,-0.121693901188651,-0.529407382818325,0,0,0,0,0,0,0,-1.41501902523207,0,0,0,0,-0.7265881027888,-1.57848512872135,0,0,0,-0.551216013873643,0,0,0,-1.84449011473886,0,0,0,0,0,0,0,0,0,0,0,0,0,0,0,0,0,0,0,0,0,0,0,0,0,0,0,0,0,0,0,0,0,0
"53",-1.04799579964534,0,-0.675184008782979,-1.20359057450501,-0.82366523003245,-1.16505745144548,-1.77676292467025,-1.2966312604215,-1.29685275067799,-1.07905335552973,-1.25515547648506,0,-1.24485489721496,0,0,-1.12666295549361,-1.16643502020073,-4.60817039567045,-3.53988454297157,-1.75818922108268,-1.36853693908304,-2.43597517373117,-1.91315473180275,-4.93372503663426,-3.48885511081886,-1.78731629085021,-1.73998170987744,-1.48071177522191,-3.37410031706038,-1.3828987320933,-1.60636891711681,-2.24613572791563,-0.181698113856984,-1.02114736195737,-2.19612878829228,-3.974018043155,-1.25758411320315,-3.69556964069759,-1.08155512137769,-1.33458366851192,-1.3815790219881,-1.25469881079153,0,0,-1.51648428187454,0,0,-5.4508962060186,-0.486220754914131,-1.19794954937926,-5.65697268827983,-1.21225140693852,-2.59856845227793,-5.97398123388364,-6.08268004546122,-1.22153364601638,-4.26515782755791,-2.68783185750599,-0.0842207330329564,-3.24114943254464,-0.896073085411773,-5.4018167203065,-2.35208595456655,-2.98754688961858,-3.81484731352323,-2.10360679761605,-2.8331952002887,-1.32726513709074,-1.24823294818459,-1.41554352150966,-1.1311953070567,-1.2421212521029,-5.69360375130771,-1.06630842333188,-1.21304080641112,-4.09888972727869,-3.09384094365346,-4.83569100314472,-5.62452074378791,-1.36162477597168,-1.71001693486378,-3.11775201493641,-3.83416736696535,-1.25238368434938,-3.16190887585547,-1.2381638823517,-3.60657206561116,0,0,0,0,0,0,0,0,0,0,0,0,0,0,0,0,0,0,0,0,0,0,0,0,0,0,0,0,0,0,0,0,0,0
"54",0,0,0,0,0,0,0,0,0,0,0,0,0,0,0,0,0,0,0,0,0,0,0,0,0,0,0,0,0,0,0,0,0,0,0,0,0,0,0,0,0,0,0,0,-0.603529428810666,0,0,-0.572863204092774,0,0,-1.11486830317095,0,-0.20708330282417,-1.22393169889023,-0.973626395557174,0,-0.447799221272543,0,0,0,0,-0.454669181583761,0,-1.10648131935527,-0.875910996015838,0,0,0,0,0,0,0,-0.597147331465822,0,0,0,0,-1.19858897291105,-1.01812297701828,0,0,0,-0.400212230221695,0,0,0,-1.18969620462622,0,0,0,0,0,0,0,0,0,0,0,0,0,0,0,0,0,0,0,0,0,0,0,0,0,0,0,0,0,0,0,0,0,0
"55",0,0,0,0,0,0,0,0,0,0,0,0,0,0,0,0,0,0,0,0,0,0,0,0,0,0,0,0,0,0,0,0,0,0,0,0,0,0,0,0,0,0,0,0,-0.474456070332097,0,0,-0.880184896559197,0,0,-0.363083299414821,0,-0.162756570158514,-0.925214269442538,-0.166381880911071,0,-0.351960565861519,0,0,0,0,-0.646415929480015,0,-0.0694047579090052,-0.662132824086748,0,0,0,0,0,0,0,-0.469343147503156,0,0,0,0,-0.906056785635421,-0.76963600766182,0,0,0,-0.651712503525304,0,0,0,-0.89933442022938,0,0,0,0,0,0,0,0,0,0,0,0,0,0,0,0,0,0,0,0,0,0,0,0,0,0,0,0,0,0,0,0,0,0
"56",0,0,0,0,0,0,0,0,0,0,0,0,0,0,0,0,0,0,0,0,0,0,0,0,0,0,0,0,0,0,0,0,0,0,0,0,0,0,0,0,0,0,0,0,-0.970821149022803,0,0,-1.65732566455431,0,0,-1.58687475518923,0,-1.25070117130815,-1.74211277647827,-0.340408896844668,0,-0.720118376380513,0,0,0,0,-1.21715529781521,0,-1.57493693899029,-1.24674909441483,0,0,0,0,0,0,0,-1.29909558303368,0,0,0,0,-1.70604059470608,-1.44916995605055,0,0,0,-1.22712837067045,0,0,0,-0.612886003700452,0,0,0,0,0,0,0,0,0,0,0,0,0,0,0,0,0,0,0,0,0,0,0,0,0,0,0,0,0,0,0,0,0,0
"57",0,0,0,0,0,0,0,0,0,0,0,0,0,0,0,0,0,0,0,0,0,0,0,0,0,0,0,0,0,0,0,0,0,0,0,0,0,0,0,0,0,0,0,0,-1.03408262583834,0,0,-1.72006654634197,0,-0.931797788276758,-1.38519012541358,-0.311833473510032,-0.62145770933598,-1.39650918420704,-0.635432027610886,-1.10701707410588,-1.34469900262672,-0.715085313811987,0,-1.23198040647785,-0.268775021392159,-1.36224213916435,-0.728286877030919,-0.26553446199672,-2.90198603978819,-1.09855477687789,-0.987899167392755,0,0,-0.435092991097638,-1.14252063028497,-0.38128298559354,-1.79320016412419,-0.334779204837497,-0.300852907767233,-2.34799084000327,-1.16469366762424,-1.58297627348553,-3.47972223761152,-0.860220637110079,-1.18794801141564,-1.1684634404258,-2.94411126446434,-1.34436816490553,-0.917625174921086,-0.397255012522297,-1.14400334062243,0,0,0,0,0,0,0,0,0,0,0,0,0,0,0,0,0,0,0,0,0,0,0,0,0,0,0,0,0,0,0,0,0,0
"58",0,0,0,0,0,0,0,0,0,0,0,0,0,0,0,0,0,0,0,0,0,0,0,0,0,0,0,0,0,0,0,0,0,0,0,0,0,0,0,0,0,0,0,0,0,0,0,-1.00918094103796,0,0,-0.813626833329906,-0.182760976562691,-0.364765831965716,-1.51568643227562,-1.54827381200246,-1.40654746938097,-1.55549080362203,-1.75685230339017,0,0,-1.32403792187627,-1.50707615536943,-1.41544374202004,0,-0.677226958370257,0,0,0,0,-0.254917831215024,-1.45165737623409,-0.22337578271049,-1.05198813527424,-0.196358864282495,-1.39676830194371,-0.751533017332465,0,-1.83492362157067,-1.10026812508017,0,0,0,-0.705098602626794,-1.70811967086549,-0.537936032373792,-0.233263357178753,-1.46822619374153,0,0,0,0,0,0,0,0,0,0,0,0,0,0,0,0,0,0,0,0,0,0,0,0,0,0,0,0,0,0,0,0,0,0
"59",0,0,0,0,0,0,0,0,0,0,0,0,0,0,0,0,0,0,0,0,0,0,0,0,0,0,0,0,0,0,0,0,0,0,0,0,0,0,0,0,0,0,0,0,0,0,0,-0.625589928660849,0,-0.766383698342899,-0.504317011727196,0,0,-0.508760343491186,-1.05004476874995,0,-0.489027975954805,0,0,-1.01327746436124,0,-0.852630697159894,-0.264635946972893,-0.0964644442081822,-0.728752699874359,-0.903537745343815,-0.359277321379777,0,0,0,0,0,-0.652131467946591,0,0,-0.715819620577088,-0.957935564626283,-0.834987510381323,-0.68207114340261,-0.155249796371363,-0.97706176370254,-0.96103612191234,-0.848700624325929,0,-0.891768153153329,0,-0.416180161907964,0,0,0,0,0,0,0,0,0,0,0,0,0,0,0,0,0,0,0,0,0,0,0,0,0,0,0,0,0,0,0,0,0,0
"60",0,0,0,0,0,0,0,0,0,0,0,0,0,0,0,0,0,0,0,0,0,0,0,0,0,0,0,0,0,0,0,0,0,0,0,0,0,0,0,0,0,0,0,0,0,0,0,-0.524349296860046,0,-0.110118495769272,-0.422768701179982,0,0,-0.618832661653058,-0.19375437833419,0,-0.409888189127121,0,0,-0.842686157264878,0,-0.709085231860637,-0.221781381026291,-0.656027382865426,-0.606062834566897,-0.751421774733274,-0.837222151583317,0,0,0,0,0,-0.829521278227065,0,0,-0.595307116337745,-0.796661396561467,-0.483494255407078,-0.571668400645302,-0.588398986927616,-0.051094199814166,-0.196843027809771,-0.705816810238023,0,-0.279491835985117,0,-0.615015711907619,0,0,0,0,0,0,0,0,0,0,0,0,0,0,0,0,0,0,0,0,0,0,0,0,0,0,0,0,0,0,0,0,0,0
"61",0,0,0,0,0,0,0,0,0,0,0,0,0,0,0,0,0,0,0,0,0,0,0,0,0,0,0,0,0,0,0,0,0,0,0,0,0,0,0,0,0,0,0,0,0,0,0,-0.738358940244228,0,-0.850431555018802,-0.594990445708562,0,0,-0.825712500298335,-1.16520120072782,0,-1.15263067111232,0,0,-0.297055993520585,0,-0.585323777963395,-0.312446290620155,-0.875341662030238,-0.495545296951781,-1.00262702801792,-0.424051457756961,0,0,0,0,0,-1.10683571042595,0,0,-0.549969134033837,-1.06299055368013,-0.926559017904828,-0.959738131411143,-0.785104647468326,-1.08421428698394,-1.0664311432437,-0.941776023226414,0,-0.989566686820508,0,-0.491154987421955,0,0,0,0,0,0,0,0,0,0,0,0,0,0,0,0,0,0,0,0,0,0,0,0,0,0,0,0,0,0,0,0,0,0
"62",0,0,0,0,0,0,0,0,0,0,0,0,0,0,0,0,0,0,0,0,0,0,0,0,0,0,0,0,0,0,0,0,0,0,0,0,0,0,0,0,0,0,0,0,0,0,0,-0.771523129088809,0,0,-0.386948341871267,-0.580477085337921,-0.173555601547825,-0.630307952529067,-0.177441806280328,-0.584921812771919,-0.646860856395465,-0.199744057205461,0,0,-0.0749722331838861,-0.380618919545614,-0.588621384974232,0,-0.606841607685228,0,0,0,0,-0.121424744358444,-0.603681057706691,-0.732128171258373,-0.500685990278901,-0.0934686777005395,-0.580855083088549,-0.780766499813651,0,-0.763064791193641,-0.750233422964777,0,0,0,-0.559255707968188,-0.710332552625283,-0.256144593911737,-0.110958545291491,-0.319466030971112,0,0,0,0,0,0,0,0,0,0,0,0,0,0,0,0,0,0,0,0,0,0,0,0,0,0,0,0,0,0,0,0,0,0
"63",0,0,0,0,0,0,0,0,0,0,0,0,0,0,0,0,0,0,0,0,0,0,0,0,0,0,0,0,0,0,0,0,0,0,0,0,0,0,0,0,0,0,0,0,0,0,0,-0.74806232142632,0,0,-0.602921439710328,-0.900054671223464,-0.981861954607056,-0.608150655359299,-0.99833202177553,-0.906946412155763,-1.00298556159442,-1.13282411573962,0,0,-0.116666540862138,-0.971767637930739,-0.316506306197435,0,-0.940933996338347,0,0,0,0,-0.189033615027743,-0.936033427748011,-0.165646721501015,-1.07955166598291,-0.145566014342331,-0.900640772983134,-0.557160994065228,0,-1.18316475724477,-0.81564422558052,0,0,0,-0.867150013461987,-1.10140115477648,-1.18881297502398,-1.1381096801949,-0.497628650539276,0,0,0,0,0,0,0,0,0,0,0,0,0,0,0,0,0,0,0,0,0,0,0,0,0,0,0,0,0,0,0,0,0,0
"64",0,0,0,0,0,0,0,0,0,0,0,0,0,0,0,0,0,0,0,0,0,0,0,0,0,0,0,0,0,0,0,0,0,0,0,0,0,0,0,0,0,0,0,0,0,0,0,-0.954396857832764,0,0,-0.769207789983364,-0.172893785197683,-1.37049026503232,-1.36414997431705,-1.39347930805707,-0.170950578975225,-1.39997475376592,-1.58120437942452,0,0,-0.148852675943478,-0.756765694222368,-1.27392942445548,0,-0.640523178746179,0,0,0,0,-0.241179294232389,-0.195005773676854,-1.5845153500151,-0.994907596003069,-1.55068571851663,-0.166657119156073,-1.68978131466505,0,-0.879481861240853,-1.62369981302433,0,0,0,-1.21037447901514,-0.206066108831015,-0.508860212944044,-0.220549502775798,-1.3214347518286,0,0,0,0,0,0,0,0,0,0,0,0,0,0,0,0,0,0,0,0,0,0,0,0,0,0,0,0,0,0,0,0,0,0
"65",0,0,0,0,0,0,0,0,0,0,0,0,0,0,0,0,0,0,0,0,0,0,0,0,0,0,0,0,0,0,0,0,0,0,0,0,0,0,0,0,0,0,0,0,-2.22045275943232,0,0,-3.04967741067214,0,-0.442257203426932,-1.69375118767443,-0.807522313825072,-1.91629593918467,-2.90357452290926,-0.776754272834065,-0.813705532202649,-3.11597581332299,-0.874337568954191,0,-0.845396179970507,-0.32824632346772,-1.66599344971436,-1.41651595864756,-1.92347025743578,-1.4111667406829,-0.70978805288439,-1.20749113819288,0,0,-0.531581077859028,-0.839802184866414,-1.01848953180798,-2.82756543189199,-0.409165125575136,-0.80804815993669,-1.64847521624656,-1.19886332865681,-3.12978749818937,-2.29265558091861,-0.555797802637203,-0.204995125699064,-0.789533108176306,-2.46057271115733,-0.454502152202208,-1.12132700336154,-0.485696709193255,-1.39844921629373,0,0,0,0,0,0,0,0,0,0,0,0,0,0,0,0,0,0,0,0,0,0,0,0,0,0,0,0,0,0,0,0,0,0
"66",0,0,0,0,0,0,0,0,0,0,0,0,0,0,0,0,0,0,0,0,0,0,0,0,0,0,0,0,0,0,0,0,0,0,0,0,0,0,0,0,0,0,0,0,0,0,0,-2.05946838761561,-1.64131285331054,-2.11654239114191,-1.18430603284526,0,0,-2.50725494062463,-2.73205242905522,0,-1.14732581414897,-0.611268332120554,-1.2103321003429,-0.592004120062372,0,-2.38388733097478,-0.806854867500454,-0.226117791141395,-0.984806631654901,-0.553965198179263,-2.23418696212783,-1.44528023332332,-0.0396284749292076,0,0,0,-2.37521985301599,0,0,-1.09270329039281,-0.837229308769868,-1.35505677936312,-2.07739088074302,-0.750335133887307,-0.142949754769221,-0.550900645744057,-0.900068087430289,0,-0.945742271224856,0,-2.09015364096603,0,0,0,0,0,0,0,0,0,0,0,0,0,0,0,0,0,0,0,0,0,0,0,0,0,0,0,0,0,0,0,0,0,0
"67",-2.60988461748751,-1.68918841994298,0,-5.09000534124122,-1.83533142810224,-3.675445197777,-4.52246689506707,-4.31095551752043,-4.51724468143668,0,-2.6695897962983,-3.10704448093072,-3.28628657540582,-1.90186945030457,-0.270569878498626,-4.74530044831981,-3.51975422102427,0,0,0,0,0,0,0,0,0,0,0,0,0,0,0,0,0,0,0,0,0,0,0,0,0,0,0,0,0,0,-0.315375760359842,-1.3026653814954,-0.14806037801915,-0.093225684491689,0,0,8.6891348908047e-05,-2.31539568885762,0,-1.01975149926879,-1.00431227928262,-0.960607676988086,0.0315173676397578,0,-0.0165893988375438,-0.746916184006786,-0.77442930732214,-0.239620309889387,-1.8683749802045,-0.188994188763767,-1.14707962148255,-0.209620777888603,0,0,0,-2.02482207336139,0,0,-0.70275005249888,-0.156632666810247,-2.13216804969456,-0.397085154639413,-0.694595121754053,-0.0443224656832119,-2.1843543900923,-0.833204890109112,0,-0.240344605110856,0,-0.179635871491088,0,0,0,0,0,0,0,0,0,0,0,0,0,0,0,0,0,0,0,0,0,0,0,0,0,0,0,0,0,0,0,0,0,0
"68",0,0,0,0,0,0,0,0,0,0,0,0,0,0,0,0,0,0,0,0,0,0,0,0,0,0,0,0,0,0,0,0,0,0,0,0,0,0,0,0,0,0,0,0,0,0,0,-0.373272382834957,-0.0441886954568168,-0.0782368938899094,-0.30123950492545,0,0,-0.304123945499092,-0.892669750248892,0,0,-0.697939474732197,-0.667567280945406,-0.881529194036082,0,-0.296586475200925,0,0,0,-0.681971023397746,-0.643418306826693,-0.797154595247406,-0.749687912970883,0,0,0,-0.726622439960021,0,0,0,-0.821375691788522,-0.912060780327189,-0.406858228453554,0,0,-0.862330089439268,0,0,0,0,-0.248401307490992,0,0,0,0,0,0,0,0,0,0,0,0,0,0,0,0,0,0,0,0,0,0,0,0,0,0,0,0,0,0,0,0,0,0
"69",-0.221801546871186,-0.124522823867686,0,-0.285772761161534,-0.752729742522241,-0.295088613567511,-0.325982865906738,-0.259410663962685,-0.783744434399915,0,0,0,-0.243451055870725,-1.07910832191951,-0.0171283954370126,-0.822844047002749,-0.277751153082735,0,0,0,0,0,0,0,0,0,0,0,0,0,0,0,0,0,0,0,0,0,0,0,0,0,0,0,0,0,0,-0.540636658163161,-0.713573734995682,-0.566825810748667,-0.536160914862868,0,0,-0.232611856374669,-0.703635614202237,0,0,-0.550141943134346,-0.526201446412148,-0.112053969984076,0,-0.643290098624652,0,0,0,-0.537555013803042,-0.507166323701161,-0.0112640577689956,-1.54489717626678,0,0,0,-0.331923242716072,0,0,0,-0.647438976420185,-0.718920347840128,-0.504387061305852,0,0,-0.67972076118687,0,0,0,0,-0.56774011353804,0,0,0,0,0,0,0,0,0,0,0,0,0,0,0,0,0,0,0,0,0,0,0,0,0,0,0,0,0,0,0,0,0,0
"70",0,0,0,0,0,0,0,0,0,0,0,0,0,0,0,0,0,0,0,0,0,0,0,0,0,0,0,0,0,0,0,0,0,0,0,0,0,0,0,0,0,0,0,0,0,0,0,-0.270931889061548,-0.0322897500172755,-0.0567020900460886,-0.218820646152369,0,0,-0.221006019683846,-0.100159566366849,0,0,-0.597222673710663,-0.571233367421939,-0.109491686482371,0,-0.698342377756846,0,0,0,-0.583558564506009,-0.550569233334838,-0.682120464553278,-0.00712298518200426,0,0,0,-0.282381743335041,0,0,0,-0.154564082947261,-0.780445006384891,-0.547552123769962,0,0,-0.737890748812688,0,0,0,0,-0.180324653358563,0,0,0,0,0,0,0,0,0,0,0,0,0,0,0,0,0,0,0,0,0,0,0,0,0,0,0,0,0,0,0,0,0,0
"71",0,0,0,0,0,0,0,0,0,0,0,0,0,0,0,0,0,0,0,0,0,0,0,0,0,0,0,0,0,0,0,0,0,0,0,0,0,0,0,0,0,0,0,0,0,0,0,-1.29174283224034,-0.152006661459758,-0.270986316314559,-1.83218794918058,-0.615592230594175,-0.466995600373227,-2.27168236550189,-2.19305997517531,-0.620305835565998,-1.00970620568447,-1.95559409580748,-1.12941446956919,-0.520812136764705,-0.583918045661118,-2.04536844346325,-0.624229208187916,0,-0.643551637658246,-1.15378324198503,-0.741819032285695,-1.3486549746431,-0.034991956594355,-0.326050453294347,-0.640199894651787,-0.776417235769795,-1.96768529131128,-0.75984061568536,-0.225135642321497,-0.827997871636387,-0.736768004334969,-1.19216151587244,-1.40812442580036,0,0,-0.484836190611355,-0.902342342477695,-0.753303121827273,-0.813088420572861,-0.298702324014329,-1.86607810518528,0,0,0,0,0,0,0,0,0,0,0,0,0,0,0,0,0,0,0,0,0,0,0,0,0,0,0,0,0,0,0,0,0,0
"72",0,0,0,0,0,0,0,0,0,0,0,0,0,0,0,0,0,0,0,0,0,0,0,0,0,0,0,0,0,0,0,0,0,0,0,0,0,0,0,0,0,0,0,0,0,0,0,-1.85062437798556,-0.15166680789266,-1.88768717350286,-1.0468473643851,0,0,-1.05604454875999,-2.47221817892305,0,-1.01516667368604,-0.540409404554869,-0.822996969759286,-2.41045342400282,0,-1.03001770430479,-0.993867476676555,-0.200266923197675,-0.871515657621817,-2.02107550855094,-2.10832040758577,-0.982756098215602,-0.924237748390575,0,0,0,-1.35383103666156,0,0,-0.967181754236803,-2.26399943205869,-1.19710514338439,-1.41600197611226,-0.322286926588778,-0.126564620482466,-2.31853960233983,-1.10868563222856,0,-0.692326800489316,0,-1.85402159403409,0,0,0,0,0,0,0,0,0,0,0,0,0,0,0,0,0,0,0,0,0,0,0,0,0,0,0,0,0,0,0,0,0,0
"73",0,0,0,0,0,0,0,0,0,0,0,0,0,0,0,0,0,0,0,0,0,0,0,0,0,0,0,0,0,0,0,0,0,0,0,0,0,0,0,0,0,0,0,0,-1.21010064220137,0,0,-2.78326883074851,0,0,-2.48616879557287,-0.287959204208149,-0.574116376942783,-1.29064093013651,-2.32495845614399,-0.284668374507379,-1.24208824857188,-0.660724376913652,0,0,-0.248087059812039,-2.15578055128031,-0.672540654454094,-1.28229923626377,-1.06644657046765,0,0,0,0,-1.19582240272167,-1.12195197556208,-1.36067321911413,-2.351688086201,-1.33162264942919,-1.07952949602588,-1.45106841723072,0,-1.46298400380834,-2.57422306143683,0,0,0,-2.03850335778501,-0.343517064384113,-1.42493956557827,-1.36416538795317,-1.05681651035357,0,0,0,0,0,0,0,0,0,0,0,0,0,0,0,0,0,0,0,0,0,0,0,0,0,0,0,0,0,0,0,0,0,0
"74",0,0,0,0,0,0,0,0,0,0,0,0,0,0,0,0,0,0,0,0,0,0,0,0,0,0,0,0,0,0,0,0,0,0,0,0,0,0,0,0,0,0,0,0,0,0,0,-1.58568068627097,0,-0.333255522916182,-1.9078351338646,-0.954172910658804,-1.04089907985151,-1.74549433878806,-2.05944188190863,-0.961479036292194,-2.05357525995836,-0.65968965600718,0,-0.638171632687917,-0.247304617120523,-1.84307135441229,-1.69289190382914,-0.244570681602577,-1.06419259133408,-0.599007444793429,-0.959765770251969,0,0,-1.05764998769312,-0.323989298722611,-1.20345296272675,-1.65298565283169,-1.17775906821547,-0.954794253383693,-1.96584516445432,-0.913268165987764,-2.05035879559137,-1.72893857298769,-0.393543562244642,-0.931502533097314,-0.595360069989155,-1.72841649202528,-1.16762590013282,-2.11047965663258,-0.366434340001158,-1.70867612790954,0,0,0,0,0,0,0,0,0,0,0,0,0,0,0,0,0,0,0,0,0,0,0,0,0,0,0,0,0,0,0,0,0,0
"75",0,0,0,0,0,0,0,0,0,0,0,0,0,0,0,0,0,0,0,0,0,0,0,0,0,0,0,0,0,0,0,0,0,0,0,0,0,0,0,0,0,0,0,0,-2.98955465507865,0,0,-2.83009082332965,-0.328252613061902,-1.93382131722941,-4.33848267324561,-1.29806424932693,-2.03655812003986,-2.29865536699452,-1.04576361104609,-0.507016226591603,-2.21217315616465,-1.17696251486526,-0.0617581185938474,-2.49556934708435,-0.441978085284586,-4.17102854629677,-2.60461996855146,-0.436725876372953,-3.20963356251169,-2.13323191778839,-1.62544243812127,-0.705067478216238,-0.663084136250289,-1.43883526978102,-1.34995302794553,-0.627078115008599,-2.95037647493993,-0.550718735504884,-1.29890952880274,-2.95811390243016,-1.61366316104925,-2.60571405925579,-3.08621389119863,-1.19809567881443,-1.65454688917344,-2.390123137392,-1.97768830582177,-0.611963044869721,-1.50937357001417,-1.641388612167,-1.88244585189935,-0.494909207303494,-2.38280454507765,-0.306707447332157,0,0,0,0,0,0,0,0,0,0,0,0,0,0,0,0,0,0,0,0,0,0,0,0,0,0,0,0,0,0,0
"76",0,0,0,0,0,0,0,0,0,0,0,0,0,0,0,0,0,0,0,0,0,0,0,0,0,0,0,0,0,0,0,0,0,0,0,0,0,0,0,0,0,0,0,0,0,0,0,-0.373157008264146,-1.5499194012801,-1.23117524950802,-0.301609531556429,0,0,-1.6224405556271,-0.137970177687762,0,0,-0.155644558194997,-0.0085070330562965,-0.151026638856449,0,-0.297158070639703,0,0,0,-0.140607917833858,-0.214270942859129,-0.0255399739352947,-0.00956008208128676,0,0,0,-0.3889021393733,0,0,0,-1.40627125339002,-0.345482872148615,-0.406581197200415,0,0,-0.139956433046098,0,0,0,0,-1.23316116289356,0,0,0,0,0,0,0,0,0,0,0,0,0,0,0,0,0,0,0,0,0,0,0,0,0,0,0,0,0,0,0,0,0,0
"77",-0.738662615014284,-1.45387477958344,0,-1.75762897726698,-0.521717866257819,-1.55375131459544,-1.3889297968493,-0.89973540813188,-0.933506144710737,0,0,0,-0.791438605705305,-1.75022873828546,-0.0747977036740217,-1.33458826045338,-1.50457795080041,0,0,0,0,0,0,0,0,0,0,0,0,0,0,0,0,0,0,0,0,0,0,0,0,0,0,0,0,0,0,-0.219205608732598,-1.1478111073511,-0.0695598413436161,-0.130322093083516,0,0,-0.104554121598671,-0.0780728516554747,0,0,-0.0715201693767528,0.0105109249497107,-1.11770002650772,0,-0.106744445009865,0,0,0,-0.864678148025079,-0.815796758021282,-1.01072059583124,-0.0656679546780442,0,0,0,-0.233639536456482,0,0,0,-1.04143077585614,-1.1564113420691,-0.811326206358393,0,0,-0.0921628188686939,0,0,0,0,-0.137223752626482,-1.59282149074826,-0.0742298713711913,-0.063279155930678,0,0,0,0,0,0,0,0,0,0,0,0,0,0,0,0,0,0,0,0,0,0,0,0,0,0,0,0,0,0,0
"78",0,0,0,0,0,0,0,0,0,0,0,0,0,0,0,0,0,0,0,0,0,0,0,0,0,0,0,0,0,0,0,0,0,0,0,0,0,0,0,0,0,0,0,0,0,0,0,-0.959830891784339,-0.070627874999954,-1.00632636578092,-0.480869483988691,0,0,-1.32613509627668,-1.2492145859394,0,0,-0.976706303417642,-0.934203028858535,-0.240471380365933,0,-1.14207887999447,0,0,0,-0.9543598283452,-0.900408615307322,-1.11554933653126,-1.04912379468956,0,0,0,-1.01684564780631,0,0,0,-0.339824334495595,-1.27635066577569,-0.895474392177771,0,0,-0.223592690848176,0,0,0,0,-0.396470030796248,0,0,0,0,0,0,0,0,0,0,0,0,0,0,0,0,0,0,0,0,0,0,0,0,0,0,0,0,0,0,0,0,0,0
"79",0,0,0,0,0,0,0,0,0,0,0,0,0,0,0,0,0,0,0,0,0,0,0,0,0,0,0,0,0,0,0,0,0,0,0,0,0,0,0,0,0,0,0,0,-1.30705345309337,0,0,-5.24540941370377,-0.397531909353508,-0.715015628003278,-2.74368833704658,-0.616438975755383,-2.29462455911199,-2.76783653871238,-1.25763990349935,-1.10357139508929,-2.66055502990795,-1.41624782003715,-1.25256125611226,-1.3703208212549,-0.530565954782723,-4.94261389568139,-2.14428380665068,-2.45684718256965,-2.28404547911498,-2.5072520621404,-2.5750950744679,-0.228281936235344,-0.0941416173879484,-0.859844092063668,-0.695304081819772,-1.38130548339599,-5.17468245375129,-1.3518144118897,-1.09589870029123,-2.44567784965625,-2.84273005333673,-5.78583555201666,-3.71083272033228,-0.844639589685189,-0.331686967355825,-2.92378590613677,-2.37806566836446,-0.734415135959779,-2.65821956686284,-1.38485060495681,-4.99741035872199,0,0,0,0,0,0,0,0,0,0,0,0,0,0,0,0,0,0,0,0,0,0,0,0,0,0,0,0,0,0,0,0,0,0
"80",0,0,0,0,0,0,0,0,0,0,0,0,0,0,0,0,0,0,0,0,0,0,0,0,0,0,0,0,0,0,0,0,0,0,0,0,0,0,0,0,0,0,0,0,0,0,0,-0.7787130117583,0,-0.947283875053818,-0.627694347636391,0,0,-0.633188896778464,-1.29790140326862,0,-1.28389926525365,0,0,-1.25245540193543,0,-0.617587160853203,-0.329436888611907,-0.120087886619978,-0.522589660628886,-1.11681229456909,-0.447219307837886,0,0,0,0,0,-1.23288889579956,0,0,-0.579950942885508,-1.18405038582259,-1.03208119661969,-0.849039388206847,-0.193254511387753,-1.20769120701331,-1.18788281066032,-0.544104330656875,0,-1.10226456224896,0,-0.914076663077003,0,0,0,0,0,0,0,0,0,0,0,0,0,0,0,0,0,0,0,0,0,0,0,0,0,0,0,0,0,0,0,0,0,0
"81",0,0,0,0,0,0,0,0,0,0,0,0,0,0,0,0,0,0,0,0,0,0,0,0,0,0,0,0,0,0,0,0,0,0,0,0,0,0,0,0,0,0,0,0,0,0,0,-1.37774059947156,-1.57949850899972,-2.37494573174852,-1.1113764660932,0,0,-2.74111562080911,-3.09242120031387,0,-1.51836159227089,-1.21774153994634,-0.0306193097603702,-3.0192382977643,0,-1.09391792161695,-0.582445981878045,-0.212276569564857,-1.06526662884864,-2.51064195398704,-2.59418636320098,-1.39084877634175,-1.3080304907107,0,0,0,-1.43611588076256,0,0,-1.02568826481915,-0.785798383462807,-1.2714994967674,-1.50188152594668,-0.341815269242219,-0.134189761673076,-0.517160653350765,-0.962380068993099,0,-1.3035572346943,0,-0.916718313505025,0,0,0,0,0,0,0,0,0,0,0,0,0,0,0,0,0,0,0,0,0,0,0,0,0,0,0,0,0,0,0,0,0,0
"82",0,0,0,0,0,0,0,0,0,0,0,0,0,0,0,0,0,0,0,0,0,0,0,0,0,0,0,0,0,0,0,0,0,0,0,0,0,0,0,0,0,0,0,0,-1.31883205455141,0,0,-2.25159813438508,0,-0.473423281249135,-1.81430213296983,-1.09995707909698,-2.30974158680017,-1.82978013622396,-3.46422046737525,-1.10837947772248,-1.76015877126381,-0.936546405222782,0,-0.905761719889491,-1.04336077685302,-3.09135849854116,-1.85039988638648,-0.347365419252519,-2.96025911190381,-0.850745913687903,-1.29313108506094,0,0,-1.219243994641,-0.460123030741311,-0.49873036359199,-2.34721466378237,-1.35770404932142,-1.10067335423029,-2.17103721783163,-0.925454294477158,-3.76647366387506,-2.45515788098483,-0.558851697852834,-0.943931970560781,-0.928449719390496,-2.96855804642024,-1.34602267601719,-2.31437914665961,-1.39088417575511,-1.49773314110896,0,0,0,0,0,0,0,0,0,0,0,0,0,0,0,0,0,0,0,0,0,0,0,0,0,0,0,0,0,0,0,0,0,0
"83",0,0,0,0,0,0,0,0,0,0,0,0,0,0,0,0,0,0,0,0,0,0,0,0,0,0,0,0,0,0,0,0,0,0,0,0,0,0,0,0,0,0,0,0,0,0,0,-1.44762829827056,0,-0.245351120091968,-1.68085271106143,0,0,-1.40009962493084,-0.431706282960194,0,-0.913281642165723,0,0,-0.470558595164543,0,-1.60429471275819,-1.43152115030259,-0.180121108024415,-1.37120808248057,-0.441186590807497,-0.670954576771818,0,0,0,0,0,-1.87677946315154,0,0,-1.34687343114159,-0.666305075270368,-1.57109760718909,-1.62735697635081,-0.289924585408945,-0.113843275062032,-0.438585059916096,-1.59689995780826,0,-1.67793505192287,0,-1.3914638333217,0,0,0,0,0,0,0,0,0,0,0,0,0,0,0,0,0,0,0,0,0,0,0,0,0,0,0,0,0,0,0,0,0,0
"84",0,0,0,0,0,0,0,0,0,0,0,0,0,0,0,0,0,0,0,0,0,0,0,0,0,0,0,0,0,0,0,0,0,0,0,0,0,0,0,0,0,0,0,0,0,0,0,-0.568132292497683,0,0,-0.457935966751436,-0.10291144830739,-0.877178877129693,-0.461926577348241,-0.891892956799757,-0.810250597549611,-0.896050350630796,-0.236374620042764,0,0,-0.762720448994686,-0.450547920396596,-0.240363338725758,0,-0.381283804197963,0,0,0,0,-0.891295079954561,-0.116076102920428,-0.125793029011298,-0.592242717567364,-0.992512527856146,-0.0991890418284451,-1.08154031736787,0,-1.05701939906078,-0.61944775942748,0,0,0,-0.774697167501512,-0.122636133244204,-0.302895657737399,-1.01676795463913,-0.845781018212364,0,0,0,0,0,0,0,0,0,0,0,0,0,0,0,0,0,0,0,0,0,0,0,0,0,0,0,0,0,0,0,0,0,0
"85",0,0,0,0,0,0,0,0,0,0,0,0,0,0,0,0,0,0,0,0,0,0,0,0,0,0,0,0,0,0,0,0,0,0,0,0,0,0,0,0,0,0,0,0,-1.20940307945137,0,0,-2.57796765389801,0,-0.541821737648349,-3.61027798409699,-0.467016450734324,-2.31995059721984,-3.54482727614053,-0.952507049681194,-0.461767488021711,-3.86654727125385,-1.0724851607752,0,-1.13164133051602,-0.40208159623125,-3.23149461482266,-2.06015609368194,-2.16253774008541,-3.07633300292524,-0.973866140991201,-1.12430372967124,0,0,-0.651471147953574,-1.24144650046191,-0.570873195560932,-2.6873946284605,-1.47344834188779,-1.19450577580678,-1.9201150685289,-1.06983478368945,-2.37557058411458,-3.68796402241129,-0.790159665850246,-1.09119516930112,-0.967924412267098,-1.80140314051694,-0.556630937903693,-2.57264222768212,-1.50945707464643,-3.45946128035608,0,0,0,0,0,0,0,0,0,0,0,0,0,0,0,0,0,0,0,0,0,0,0,0,0,0,0,0,0,0,0,0,0,0
"86",0,0,0,0,0,0,0,0,0,0,0,0,0,0,0,0,0,0,0,0,0,0,0,0,0,0,0,0,0,0,0,0,0,0,0,0,0,0,0,0,0,0,0,0,-1.47166237204124,0,0,-4.35749756026911,0,-0.46745365432222,-4.21564899861881,-1.16816054636161,-2.51275211064816,-1.80488807137147,-0.820965364335986,-1.17710518062689,-1.73694652815165,-0.924037670115224,0,-0.893316708621614,-0.346956671656274,-1.76053387780829,-0.940514703507254,-0.342884678991105,-1.49133281827095,-1.3667871975924,-1.27614829681864,0,0,-1.29484391527096,-1.21485655852939,-0.492325653765113,-2.31638685615766,-0.432408078074559,-1.16892123454388,-1.65523850462028,-1.449075118994,-2.04593523621782,-2.42301891517972,-0.55151855917086,-1.47800743994101,-1.45376535138973,-3.62436357635325,-1.4294835812341,-1.18506851254968,-1.47712674389957,-1.47794224202417,-0.386400218069557,-0.502990306096803,-0.239429422879115,0,0,0,0,0,0,0,0,0,0,0,0,0,0,0,0,0,0,0,0,0,0,0,0,0,0,0,0,0,0,0
"87",0,0,0,0,0,0,0,0,0,0,0,0,0,0,0,0,0,0,0,0,0,0,0,0,0,0,0,0,0,0,0,0,0,0,0,0,0,0,0,0,0,0,0,0,-1.38644206299905,0,0,-2.67336471407648,0,-1.30843455101727,-4.10203666099325,-0.484406461814508,-2.24743611531982,-2.17242490512115,-0.987712530080373,-0.998274523232198,-4.45508301102628,-1.111942693481,0,-1.07536660330809,-0.417194359162521,-3.66071509878627,-2.30350229740766,-2.81592185406699,-1.79428261861167,-1.01012801314483,-1.71873523374556,0,0,-1.09812590535777,-0.546327409256352,-0.592177849789021,-4.10303329326524,-0.520247831026066,-0.991333915877274,-2.55462610358284,-1.52446635627541,-2.46252163240065,-4.10885865611533,-1.20792560065469,-1.66812182053261,-1.64076150028328,-1.86819565229654,-0.577613967980637,-1.42562595408967,-1.25271557740877,-1.77827091582427,0,0,0,0,0,0,0,0,0,0,0,0,0,0,0,0,0,0,0,0,0,0,0,0,0,0,0,0,0,0,0,0,0,0
"88",0,0,0,0,0,0,0,0,0,0,0,0,0,0,0,0,0,0,0,0,0,0,0,0,0,0,0,0,0,0,0,0,0,0,0,0,0,0,0,0,0,0,0,0,0,0,0,0,0,0,0,0,0,0,0,0,0,0,0,0,0,0,0,0,0,0,0,0,0,0,0,0,0,0,0,0,0,0,0,0,0,0,0,0,0,0,0,19.8146370812197,1.29578109559114,9.88112454985574,0,0,0,0,0,0,17.1083134438026,6.34768207895311,0,7.59222218499987,6.73864683669017,0,7.04088035723591,0,11.6082283190885,20.3422877422827,6.5372508386429,16.0137623899461,16.2354279406704,5.93223592095534,10.2358271143981,1.97599176271431,15.2838457783564,0,0,0,0,14.4381740721318,0,7.87596265917917,0
"89",0,0,0,0,0,0,0,0,0,0,0,0,0,0,0,0,0,0,0,0,0,0,0,0,0,0,0,0,0,0,0,0,0,0,0,0,0,0,0,0,0,0,0,0,22.3665698310151,0,0,25.9092189143537,7.7744053081333,4.45593042653387,27.0418733164618,0,7.57477922934351,28.3429330278387,7.83596208157505,0,23.7191972026186,5.99381147759916,0.467327602573944,20.7163519313802,0,25.4419974218956,9.87043744824422,3.26925983189537,17.0054184372619,8.0109854504676,18.5862488299182,6.84585775041333,6.43822018966103,0,0,0,27.0485377246291,0,0,15.7871267098833,19.4817758008147,28.9979923855017,25.4928405794606,9.1790188081755,2.06594455455534,7.96274141332546,18.4427480807203,0,11.3012127254963,0,14.1033724077528,18.8820038980624,22.7763957027769,2.31290717925764,0,0,0,0,0,0,0,0,0,0,0,0,0,0,0,0,0,0,0,0,0,0,0,0,0,0,0,0,0,0,0
"90",0,0,0,0,0,0,0,0,0,0,0,0,0,0,0,0,0,0,0,0,0,0,0,0,0,0,0,0,0,0,0,0,0,0,0,0,0,0,0,0,0,0,0,0,0,0,0,0,0,0,0,0,0,0,0,0,0,0,0,0,0,0,0,0,0,0,0,0,0,0,0,0,0,0,0,0,0,0,0,0,0,0,0,0,0,0,0,-2.53201468749417e-50,-2.77036808033022e-50,0,0,0,0,0,0,0,0,0,0,0,0,0,0,0,0,0,0,0,0,0,0,0,0,0,0,0,0,0,0,0,0
"91",0,0,0,0,0,0,0,0,0,0,0,0,0,0,0,0,0,0,0,0,0,0,0,0,0,0,0,0,0,0,0,0,0,0,0,0,0,0,0,0,0,0,0,0,0,0,0,0,0,0,0,0,0,0,0,0,0,0,0,0,0,0,0,0,0,0,0,0,0,0,0,0,0,0,0,0,0,0,0,0,0,0,0,0,0,0,0,0,0,0,7.35045638551605,5.28531691745498,17.4642533672856,4.45713200188019,5.64636611325946,18.550776659349,8.9971221944776,12.1262232119016,17.1919266321496,19.8395102055747,7.89103925653165,7.89175162346988,14.8890648775357,9.50351680705473,18.2556393854125,8.24749739728309,0,0,13.0323757039488,9.47900682817081,16.1376925508518,0,0,2.9320830536512,9.88481154119571,9.07675420044747,7.75631762622207,10.134439901801,18.0571031758843,14.722152389855,11.9724588853185
"92",6.92341561216665,5.10122660200817,0,8.33757680200559,5.7913723572994,8.34255713224021,6.58859691300255,5.68732753058238,6.0299940286162,0,0,0,6.22442516238186,8.30247265792308,7.01775724179347,8.47793320353952,7.13719128533526,0,0,0,0,0,0,0,0,0,0,0,0,0,0,0,0,0,0,0,0,0,0,0,0,0,0,0,0,0,0,0,0,0,0,0,0,0,0,0,0,0,0,0,0,0,0,0,0,0,0,0,7.33964300447979,0,0,0,0,0,0,0,0,0,0,0,0,0,0,0,0,0,0,7.794317057722,3.05234703021799,2.54146547297209,14.1600416984919,9.87123818501084,25.3313830618579,14.9864167865554,19.2799229739011,27.3539505645939,9.94566810866487,20.6620878425695,25.3510157939919,28.1090711553861,15.634748272551,13.2744985931503,24.5507765525214,16.4753973918045,27.2363568390612,25.9729580945869,0,0,22.3356504003373,18.4831961749429,27.4458019962451,0,0,11.3528026466636,5.6701155200421,8.16236093934268,21.2193035702291,20.2096232090505,17.970053712523,25.2202385799288,27.4704180348269
"93",0,0,0,0,0,0,0,0,0,0,0,0,0,0,0,0,0,0,0,0,0,0,0,0,0,0,0,0,0,0,0,0,0,0,0,0,0,0,0,0,0,0,0,0,0,0,0,0,0,0,0,0,0,0,0,0,0,0,0,0,0,0,0,0,0,0,0,0,0,0,0,0,0,0,0,0,0,0,0,0,0,0,0,0,0,0,0,0,0,0,6.59892745266913,9.25539333675926,25.1461132555434,6.66694611590213,8.91970615096125,20.8087622396069,31.9160001543747,22.9562873239715,19.1671846145705,32.9877266528388,24.3140534730946,20.4985920342299,26.9935796751569,20.1033733598839,41.8635193600229,34.8839933340706,35.2362542141423,22.6324246163781,34.3711114305638,22.7706948346579,33.5668429306656,6.73870045781006,24.584613540101,6.46861948048509,8.8741638372537,9.45411469004144,20.0194995940718,33.7609986900184,20.4474442222967,33.6292489717789,27.1760538616201
"94",0,0,0,0,0,0,0,0,0,0,0,0,0,0,0,0,0,0,0,0,0,0,0,0,0,0,0,0,0,0,0,0,0,0,0,0,0,0,0,0,0,0,0,0,0,0,0,0,0,0,0,0,0,0,0,0,0,0,0,0,0,0,0,0,0,0,0,0,0,0,0,0,0,0,0,0,0,0,0,0,0,0,0,0,0,0,0,0,0,0,0,0,13.7358739077538,0,0,11.2905200209308,14.6543833426076,24.1118772436051,12.378677422715,16.4179563220415,11.1673394613241,14.8619868531803,13.5783313464446,13.5219528512119,21.7806708378251,9.87156290533026,10.6431852709798,8.1094051155268,0,0,21.6561322470141,0,0,0,0,0,11.8359307487095,12.9986985349693,10.6239156196436,23.3225135357748,14.0029188380267
"95",7.31511826548514,8.29044411433554,0,9.16392338580068,6.9617694780072,8.85997103885354,7.92010771575092,6.83669789664529,8.51508707772092,0,0,0,7.178118868747,9.98034613834969,2.34645855212691,9.83432788651095,8.88562442830384,12.0103474915796,0,0.322794082817296,0.261215904797018,1.16711891430306,0,12.3132902880139,1.61687470573238,0,0,0,0,11.9192313275947,0,0,0,0,0,0,0,0,0,0,0,0,0.450502304667388,0.184036655024282,0.755445794541944,0,0,0,0,0,0,0,0,0,0,0,0,0,0,0,0,0,0,0,0,0,0,0,2.93247609502738,0,0,0,0,0,0,0,0,0,0,0,0,0,0,0,0,0,0,14.2541142749473,5.89530901233463,4.63760425254141,9.9658832458732,24.4166375007746,34.3489585050645,14.3138257181433,25.0089642774093,33.8637985381333,41.6136982065025,37.1906975558063,28.0568991001184,48.1515195807312,30.0465494293691,18.84751289241,40.2562375681579,27.936285561279,55.8324923820491,46.7338495702288,30.4542118481709,22.2843381122326,40.0691512912179,29.2665444051947,49.4651283613076,8.08446103618682,19.9136060165844,11.8872364807169,12.4418966199559,13.9005637518391,20.1899736927906,36.9800700564925,31.807757007257,45.2542089191102,37.1698139915455
"96",6.65582246332314,6.63011364230062,0,8.01532568273831,5.5675331929292,7.08558118780581,8.75479081180773,8.09132006085733,8.32312613147048,0,0,0,6.92750751623939,7.98157832972234,6.74651774624004,9.43924632151383,8.25595385437175,0,0,0,0,0,0,0,0,0,0,0,0,0,0,0,0,0,0,0,0,0,0,0,0,0,0,0,0,0,0,0,0,0,0,0,0,0,0,0,0,0,0,0,0,0,0,0,0,0,0,0,1.87775028948821,0,0,0,0,0,0,0,0,0,0,0,0,0,0,0,0,0,0,19.8741672725703,23.9952755992901,10.9707470632291,6.09385513427268,20.646894334948,23.3389991112228,16.8625261269284,21.307875486397,25.5290245870348,23.821952605518,21.7187714954802,16.9172238964578,25.4631343825337,18.8575840075872,13.9455356791816,24.7149685147234,17.3293987380589,32.4920458017286,27.295942055507,0,0,23.4804151388787,17.2380951784988,28.8513314912516,0,0,8.91660897896728,9.33265921787993,19.1463276148551,15.8134709599238,7.76470650368516,25.0367491498943,26.5122189288869,26.8774327761596
"97",0,0,0,0,0,0,0,0,0,0,0,0,0,0,0,0,0,0,0,0,0,0,0,0,0,0,0,0,0,0,0,0,0,0,0,0,0,0,0,0,0,0,0,0,0,0,0,0,0,0,0,0,0,0,0,0,0,0,0,0,0,0,0,0,0,0,0,0,0,0,0,0,0,0,0,0,0,0,0,0,0,0,0,0,0,0,0,0,0,0,6.82083456097194,18.3193879156629,23.0253812694705,15.1557651890066,12.2364101397353,23.9951735349348,28.2624656863659,26.9988513750382,20.3716309507668,32.9914288750827,25.8109881826162,15.0002408939163,28.7952734700987,23.0576891238654,40.6996904260026,34.4120879605183,18.9532140446007,18.7728696798794,31.2958031330031,28.6505513964223,35.9485562648226,12.3017163381714,9.96407777235811,6.93611234517279,7.25975233041171,9.31826286985631,14.9685323828272,26.2702746358746,22.5752560656795,32.7375135662318,26.5897922338474
"98",0,0,0,0,0,0,0,0,0,0,0,0,0,0,0,0,0,0,0,0,0,0,0,0,0,0,0,0,0,0,0,0,0,0,0,0,0,0,0,0,0,0,0,0,0,0,0,0,0,0,0,0,0,0,0,0,0,0,0,0,0,0,0,0,0,0,0,0,0,0,0,0,0,0,0,0,0,0,0,0,0,0,0,0,0,0,0,0,0,0,0,0,13.5513381428724,0,0,12.1429350983638,25.347956236683,18.8325124908658,11.2513620709595,18.8386246409159,16.2446719673694,13.0993233201847,16.1619875841317,11.6594925840652,22.6149498508072,18.8341039810138,12.9480278479883,9.59533728183931,7.59049192820334,7.00547851346006,23.5580892008653,3.68146273047906,6.12750668927275,0,0,0,9.47775851384442,24.3589134398094,12.3822508738953,17.5542106148192,12.3421426150949
"99",0,0,0,0,0,0,0,0,0,0,0,0,0,0,0,0,0,0,0,0,0,0,0,0,0,0,0,0,0,0,0,0,0,0,0,0,0,0,0,0,0,0,0,0,0,0,0,5.33975366872423,7.04781651746323,0.764932409285678,3.38315381374591,0,0,3.61258120418517,6.94965980506544,0,0,5.43363535345792,5.19718014223018,1.7537561106075,0,3.48807230415758,0,0,0,5.30931692062514,2.36008382757809,0.363405042028527,5.83651003483034,0,0,0,4.24075634155624,0,0,0,2.29381780351631,7.10062387915486,4.98172408474035,0,0,6.71345787129411,0,0,0,0,5.60744875208174,11.5051233527921,13.8091803455007,11.4858481119942,0,0,15.5392258432323,0,0,10.9729980173074,30.2547581760599,17.330652508312,9.85934040769566,19.6108368681504,16.9769681427392,11.8372409681926,18.339277708439,13.3781903441193,29.4457042552975,21.7461655952707,14.7959587134233,18.8039587699818,18.5176819634137,11.1745107969037,28.1524693951358,17.7272496973065,7.41355528726694,0,0,0,9.42705479014291,17.9240369889731,11.1892564020509,18.5468648816098,11.1530124593197
"100",0,0,0,0,0,0,0,0,0,0,0,0,0,0,0,0,0,0,0,0,0,0,0,0,0,0,0,0,0,0,0,0,0,0,0,0,0,0,0,0,0,0,0,0,0,0,0,0,0,0,0,0,0,0,0,0,0,0,0,0,0,0,0,0,0,0,0,0,0,0,0,0,0,0,0,0,0,0,0,0,0,0,0,0,0,0,0,0,0,0,5.93095320489286,9.21165262154967,21.3837693882391,6.6354383257129,10.62259519375,20.9111367043897,27.034061786966,23.5621977450309,17.7600249010538,30.3603797930452,20.634799440024,19.9949130437009,25.1168059547089,18.3831102756796,35.528072334244,29.6184142612595,19.6128040403899,14.9281478981443,19.8190649579171,18.3452939196103,30.7131616995168,5.66504044838844,9.50588466528971,8.43848394436262,8.83222480138507,8.1102136577073,14.9656772409328,30.9349803336776,19.9662758457371,32.4672566184995,19.3668483664873
"101",0,0,0,0,0,0,0,0,0,0,0,0,0,0,0,0,0,0,0,0,0,0,0,0,0,0,0,0,0,0,0,0,0,0,0,0,0,0,0,0,0,0,0,0,0,0,0,0,0,0,0,0,0,0,0,0,0,0,0,0,0,0,0,0,0,0,0,0,0,0,0,0,0,0,0,0,0,0,0,0,0,0,0,0,0,0,0,0,0,0,5.84967814469648,19.1114449977802,22.0297653038661,15.3449507461966,10.5337087262926,24.0517364644899,26.2138704119848,22.9561968274857,17.3639316575715,34.9452691471071,20.0877042231266,15.4060363431511,24.5140287807325,22.2797724037172,34.5846194933997,28.8590300962945,18.9678123300128,9.58845177102251,24.6537421176867,18.1243313734066,24.3433533176949,0,0,5.47865907973561,10.0245051232626,17.5942385322293,14.6366488886639,15.3736252239566,23.5082851329668,27.8653139597024,22.5983167349919
"102",0,0,0,0,0,0,0,0,0,0,0,0,0,0,0,0,0,0,0,0,0,0,0,0,0,0,0,0,0,0,0,0,0,0,0,0,0,0,0,0,0,0,0,0,0,0,0,0,0,0,0,0,0,0,0,0,0,0,0,0,0,0,0,0,0,0,0,0,0,0,0,0,0,0,0,0,0,0,0,0,0,0,0,0,0,0,0,0,0,0,16.9531504004668,10.548000409001,24.808000928524,18.3559643110791,23.1679678726098,21.782813260357,19.5962308343829,18.4220112351507,18.4720277152581,39.5657646948492,21.3499464784546,15.4868049601427,26.0687700646704,19.095770692397,37.5506852656686,30.6782792346525,9.55898090749249,11.3582967680599,26.2123698515547,20.8896793361311,32.4821876159976,0,0,5.84330217836693,6.21568462284681,8.54848062505613,16.4452725104308,24.7128215497629,26.6581169956357,29.8743921556261,28.7346072150913
"103",0,0,0,0,0,0,0,0,0,0,0,0,0,0,0,0,0,0,0,0,0,0,0,0,0,0,0,0,0,0,0,0,0,0,0,0,0,0,0,0,0,0,0,0,0,0,0,5.72513738859497,13.9934747638278,1.17550610193255,4.64153571592554,0,0,14.6482332902132,2.17055319729287,0,0,2.44226485658911,0.195923970014236,2.33647135454203,0,12.6151837146568,0,0,0,2.17557984566751,9.94574043818815,0.410026372842486,0.529706162729568,0,0,0,11.231881511186,0,0,0,3.25390184230337,14.0983240432245,9.89123795822923,0,0,2.18715752758912,0,0,0,0,3.83410850805711,2.03057026774693,14.4126157194218,11.9877582092521,0,0,9.24735051386712,0,0,9.27497417568625,7.22867386879686,9.78932006194421,8.33365025004497,7.45202321131136,5.19582566950035,10.0054792790623,7.24770355316748,4.44569033469929,8.72325530096903,0,0,0,0,0,7.94197074153976,0,0,0,0,0,3.55049553945881,9.66746763668651,4.62616022360474,7.70656715766643,9.42713216371109
"104",0,0,0,0,0,0,0,0,0,0,0,0,0,0,0,0,0,0,0,0,0,0,0,0,0,0,0,0,0,0,0,0,0,0,0,0,0,0,0,0,0,0,0,0,0,0,0,0,0,0,0,0,0,0,0,0,0,0,0,0,0,0,0,0,0,0,0,0,0,0,0,0,0,0,0,0,0,0,0,0,0,0,0,0,0,0,0,0,0,0,0,0,13.0278555700449,0,0,13.066772346905,7.90487948815152,13.7913932974321,5.22277870508749,8.91288730356992,10.6048076298675,4.50763975679689,10.2107122427742,12.8249611166789,10.4164572231368,0,0,0,0,0,9.2024395018654,0,0,0,0,0,11.2258453569669,7.01547654969669,5.79013441493781,10.8571686257996,6.79711925027904
"105",0,0,0,0,0,0,0,0,0,0,0,0,0,0,0,0,0,0,0,0,0,0,0,0,0,0,0,0,0,0,0,0,0,0,0,0,0,0,0,0,0,0,0,0,0,0,0,0,0,0,0,0,0,0,0,0,0,0,0,0,0,0,0,0,0,0,0,0,0,0,0,0,0,0,0,0,0,0,0,0,0,0,0,0,0,0,0,0,0,0,0,0,10.6272035512236,0,0,17.8737938481461,31.6774131708393,22.9982632448011,15.2054895320697,26.0768615280277,17.7662444484858,13.2614715635262,21.5528703232139,15.7606535363249,29.3273776646403,29.5560309612679,32.1908317486501,20.135497527306,21.7198985250908,15.7340913691802,28.6650904920386,4.99804597491276,8.30726968290747,0,0,0,9.15725101507516,20.7414774669484,10.8690181426286,24.5407994845706,19.7885762591934
"106",2.87398844977571,2.02592420158401,0,10.645600466436,2.02783696589303,4.01892487172981,3.88440074874395,7.26170421575947,3.62693137411319,0,0,0,3.01063424778857,0.602923446736573,8.96042597755747,4.08511531590387,9.11292197727419,0,0,0,0,0,0,0,0,0,0,0,0,0,0,0,0,0,0,0,0,0,0,0,0,0,0,0,0,0,0,0,0,0,0,0,0,0,0,0,0,0,0,0,0,0,0,0,0,0,0,0,9.37141676142267,0,0,0,0,0,0,0,0,0,0,0,0,0,0,0,0,0,0,0,0,0,0,0,0,0,0,0,11.6643022432821,0,0,0,0,0,0,0,3.93725410531749,3.37293642459977,22.3622705101438,11.2532822250439,2.95855203175373,2.23449443428877,3.5463199752809,0.245401901381664,0.654646293630872,0,0,0,0,2.33917833065893,0,0,0
"107",0,0,0,0,0,0,0,0,0,0,0,0,0,0,0,0,0,0,0,0,0,0,0,0,0,0,0,0,0,0,0,0,0,0,0,0,0,0,0,0,0,0,0,0,0,0,0,0,0,0,0,0,0,0,0,0,0,0,0,0,0,0,0,0,0,0,0,0,0,0,0,0,0,0,0,0,0,0,0,0,0,0,0,0,0,0,0,1.38637248941845,1.1941445987041,6.5382753362275,0,0,0,0,0,0,15.7855349882464,5.54786924064036,0,6.63559633333352,6.59270238210718,0,6.15372400115229,0,15.1938934456305,24.7301706612242,6.3517855246887,4.85998945367797,21.7021208661828,9.29356117994688,10.0151929110027,1.88539060967601,3.1133768515027,0,0,0,0,13.4038140759957,0,6.88358528889943,0
"108",0,0,0,0,0,0,0,0,0,0,0,0,0,0,0,0,0,0,0,0,0,0,0,0,0,0,0,0,0,0,0,0,0,0,0,0,0,0,0,0,0,0,0,0,0,0,0,0,0,0,0,0,0,0,0,0,0,0,0,0,0,0,0,0,0,0,0,0,0,0,0,0,0,0,0,0,0,0,0,0,0,0,0,0,0,0,0,0,0,0,0,0,15.5463390208918,0,0,12.2510066820012,19.8553524421475,20.3810693003573,11.0076430365056,20.6579875182916,17.8559182485657,13.2159067165648,18.2945586663135,12.0242918576639,28.5921840195533,22.7166843906516,25.2986210168295,16.9725277101155,18.4360608398051,9.40592833616484,22.9148393019792,4.24197944382104,16.9643141804513,0,0,0,10.8718190167376,17.6046036160751,12.4924523573173,20.8304516803839,16.7973324308729
"109",0,0,0,0,0,0,0,0,0,0,0,0,0,0,0,0,0,0,0,0,0,0,0,0,0,0,0,0,0,0,0,0,0,0,0,0,0,0,0,0,0,0,0,0,0,0,0,0,0,0,0,0,0,0,0,0,0,0,0,0,0,0,0,0,0,0,0,0,0,0,0,0,0,0,0,0,0,0,0,0,0,0,0,0,0,0,0,0,0,0,0,0,0,0,0,0,5.85113015979582,0,0,0,0,0,0,0,7.53899846018057,16.5901382893281,20.4044385407269,9.27169896809019,19.2260517426513,9.82156738651288,6.64001918175725,18.3496674937178,18.8777504779045,0,0,0,0,5.17787982662669,0,0,0
"110",14.83133809132,16.8076512925924,0,16.417713381077,8.99321465207552,18.5744369076616,16.3099257567166,17.3704212989033,15.6168152310228,0,11.3192642602678,9.69416092582129,12.8381557919718,4.25280464576774,2.7221508264422,17.9011358137384,18.6809189644076,0,0,0,0,0,0,0,0,0,0,0,0,0,0,0,0,0,0,0,0,0,0,0,0,0,0,0,0,0,0,0,0,0,0,0,0,0,0,0,0,0,0,0,0,0,0,0,0,0,0,0,6.85471531278365,0,0,0,0,0,0,0,0,0,0,0,0,0,0,0,0,0,0,6.21249778483898,7.45663472491548,6.20208960518829,9.17456881257957,15.7250171511548,29.9610552653809,13.2989082036922,19.2148582206883,30.2732110308176,29.7348074398407,31.7490566091708,24.9600163431889,41.3849889393295,27.3490901020033,20.2865750075918,35.6927465847996,28.4597909186008,45.7443753453772,39.9044247474547,23.9840424085805,15.7667308809669,36.1942045329914,25.9712348850959,42.1422627536478,5.8916060938722,10.9506847622901,10.1652738271568,8.95268397803224,17.3255580993274,22.5959653617601,28.346136737443,29.813415685546,38.8373927150198,32.4791728973001
"111",0,0,0,0,0,0,0,0,0,0,0,0,0,0,0,0,0,0,0,0,0,0,0,0,0,0,0,0,0,0,0,0,0,0,0,0,0,0,0,0,0,0,0,0,0,0,0,0,0,0,0,0,0,0,0,0,0,0,0,0,0,0,0,0,0,0,0,0,0,0,0,0,0,0,0,0,0,0,0,0,0,0,0,0,0,0,0,0,0,0,5.07996745680006,8.58078162741245,18.3455876980748,5.3486627154574,7.15597499861102,14.9446478456925,23.226305632421,20.2262352454296,15.2359161945381,29.085447283386,18.7590758616615,13.210245020803,21.553900075938,14.4111145896787,31.8172049829261,23.2057219427422,16.8583612789935,18.4061995711874,21.699342584984,15.741813211362,25.1237991240613,7.0474067171015,8.17835309306444,6.80205319267271,5.08069274737322,6.92633199493434,14.5579311272934,24.8236593248668,14.6202950174324,24.5159030531037,19.8284360483112
"112",0,0,0,0,0,0,0,0,0,0,0,0,0,0,0,0,0,0,0,0,0,0,0,0,0,0,0,0,0,0,0,0,0,0,0,0,0,0,0,0,0,0,0,0,0,0,0,0,0,0,0,0,0,0,0,0,0,0,0,0,0,0,0,0,0,0,0,0,0,0,0,0,0,0,0,0,0,0,0,0,0,0,0,0,0,0,0,0,0,0,0,0,0,0,0,0,0,0,0,0,0,0,0,0,0,6.51408675466644,8.01606697094331,0,6.90742049910514,0,0,0.246233934411177,0.403972542922495,0,0,0,0,0,0,0,0
"113",0,0,0,0,0,0,0,0,0,0,0,0,0,0,0,0,0,0,0,0,0,0,0,0,0,0,0,0,0,0,0,0,0,0,0,0,0,0,0,0,0,0,0,0,0,0,0,0,0,0,0,0,0,0,0,0,0,0,0,0,0,0,0,0,0,0,0,0,0,0,0,0,0,0,0,0,0,0,0,0,0,0,0,0,0,0,0,0,0,0,0,0,9.89659842232202,0,0,9.92616151583383,30.5309083303151,16.9390026549501,8.91874810986144,18.5229480458884,14.8546470367503,11.0918023765199,18.0042271064705,9.74246983866645,25.5772443198825,21.2904127305107,30.7958415762025,20.0103800453252,22.7030412787855,12.533446234671,28.4818075834169,4.2066681016417,6.97405293461082,0,0,0,8.52770303229627,17.3631044517736,10.1217886045047,17.5897431552599,16.520071284812
"114",0,0,0,0,0,0,0,0,0,0,0,0,0,0,0,0,0,0,0,0,0,0,0,0,0,0,0,0,0,0,0,0,0,0,0,0,0,0,0,0,0,0,0,0,0,0,0,0,0,0,0,0,0,0,0,0,0,0,0,0,0,0,0,0,0,0,0,0,0,0,0,0,0,0,0,0,0,0,0,0,0,0,0,0,0,0,0,0,0,0,-0.108690688704966,-0.770153321907083,-0.58046345697127,-0.155752289575002,-0.742220354408318,-0.371625786563374,0,0,-0.631673384161676,-0.531222859489479,0,-0.549221560196411,-0.544684059544456,-0.323553778032091,-0.6166742697403,-0.61611750608821,0,0,-0.442054530856031,-0.795849027601508,0,0,0,-0.705511454742325,-0.738430719228806,-0.678065950429717,-0.744829726966223,0,-0.349373595286238,-0.794772313947556,-0.561594167186532
"115",0,0,0,0,0,0,0,0,0,0,0,0,0,0,0,0,0,0,0,0,0,0,0,0,0,0,0,0,0,0,0,0,0,0,0,0,0,0,0,0,0,0,0,0,0,0,0,0,0,0,0,0,0,0,0,0,0,0,0,0,0,0,0,0,0,0,0,0,0,0,0,0,0,0,0,0,0,0,0,0,0,0,0,0,0,0,0,0,0,0,-0.797929715521382,-1.11914450116461,-1.05993369841023,-0.427910880799941,-1.07855384721528,-1.78942378857484,-1.31771580760516,-1.16004489733485,-0.880842065181744,-1.49802534786969,-0.674526896068276,-0.754607765365421,-1.44096511233485,-1.71757827753305,-1.71837976156782,-0.895308115145753,0,0,-1.24702043599895,-1.15648408915762,-0.738576164359002,0,0,-1.02521049072197,-0.298081467223264,-0.985328191497334,-0.742742809412384,-1.17030059862288,-1.73141130024749,-1.84549797815209,-1.14638705829864
"116",0,0,0,0,0,0,0,0,0,0,0,0,0,0,0,0,0,0,0,0,0,0,0,0,0,0,0,0,0,0,0,0,0,0,0,0,0,0,0,0,0,0,0,0,0,0,0,0,0,0,0,0,0,0,0,0,0,0,0,0,0,0,0,0,0,0,0,0,0,0,0,0,0,0,0,0,0,0,0,0,0,0,0,0,0,0,0,0,0,0,-0.182408694377113,-1.26268919806486,-0.951687042229546,-0.261233926875996,-1.21689226993729,-1.08121628636363,0,0,-1.03564723568414,-0.8953749303104,0,-0.900465026479504,-0.893025659672323,-1.01750900983987,-1.05684016928143,-1.0101429125175,0,0,-0.745132744575057,-1.30481806915336,0,0,0,-0.172445995456525,-0.180838122265895,-1.11170922312335,-1.22117041358593,0,-0.588047595918225,-1.30305276520468,-0.920750282355103
"117",0,0,0,0,0,0,0,0,0,0,0,0,0,0,0,0,0,0,0,0,0,0,0,0,0,0,0,0,0,0,0,0,0,0,0,0,0,0,0,0,0,0,0,0,0,0,0,0,0,0,0,0,0,0,0,0,0,0,0,0,0,0,0,0,0,0,0,0,0,0,0,0,0,0,0,0,0,0,0,0,0,0,0,0,0,0,0,0,0,0,0,0,-1.28688513659268,0,0,-1.29072931658348,-1.19437047615778,-0.714790081541671,-0.539775025355471,-1.23757717634901,-0.625700653876279,-1.3923882899651,-0.762658601137831,-0.558391919417918,-1.07730959458256,0,0,0,0,0,-1.14700592389969,0,0,0,0,0,-0.454915547939206,-0.725965983843547,-1.31616730870789,-0.866871208376928,-1.31190401445066
"118",0,0,0,0,0,0,0,0,0,0,0,0,0,0,0,0,0,0,0,0,0,0,0,0,0,0,0,0,0,0,0,0,0,0,0,0,0,0,0,0,0,0,0,0,0,0,0,0,0,0,0,0,0,0,0,0,0,0,0,0,0,0,0,0,0,0,0,0,0,0,0,0,0,0,0,0,0,0,0,0,0,0,0,0,0,0,0,0,0,0,-0.534176454153592,-0.904386395976104,-3.31543348503922,-0.762651874429639,-0.965927074018442,-3.53948290006099,-1.58531071625152,-1.80821608915012,-1.57504809882646,-2.68074396122864,-1.81595543568142,-1.35162108733826,-3.17850738306509,-1.62724617510458,-3.12647207461808,-1.87039179476347,0,0,-2.11074883793961,-1.62307520190438,-2.4835058752785,0,0,-1.08166112583938,-0.531904672849576,-1.9243641927148,-1.32796973939965,-1.78570834454082,-1.74817855309273,-2.64201645289613,-3.62358898028532
"119",0,0,0,0,0,0,0,0,0,0,0,0,0,0,0,0,0,0,0,0,0,0,0,0,0,0,0,0,0,0,0,0,0,0,0,0,0,0,0,0,0,0,0,0,0,0,0,0,0,0,0,0,0,0,0,0,0,0,0,0,0,0,0,0,0,0,0,0,0,0,0,0,0,0,0,0,0,0,0,0,0,0,0,0,0,0,0,0,0,0,-0.648166311334678,-0.909092303570078,-1.55324901680127,-0.654847307051916,-0.876120108233545,-1.52192928980111,-1.63586781855832,-1.86588186083438,-2.33405561249634,-2.19916740557657,-1.49112932240056,-1.11037112155629,-1.82101852280782,-2.46770124540649,-2.42357400100874,-2.14276489823676,0,0,-1.83093562700951,-0.939423625421368,-2.26873120162796,0,0,-0.40854914364903,-0.434418991241938,-0.597708767389998,-1.08789461983188,-1.84265632233443,-2.52069507538109,-2.40705385598853,-1.67952784767726
"120",0,0,0,0,0,0,0,0,0,0,0,0,0,0,0,0,0,0,0,0,0,0,0,0,0,0,0,0,0,0,0,0,0,0,0,0,0,0,0,0,0,0,0,0,0,0,0,0,0,0,0,0,0,0,0,0,0,0,0,0,0,0,0,0,0,0,0,0,0,0,0,0,0,0,0,0,0,0,0,0,0,0,0,0,0,0,0,0,0,0,0,0,-1.50375296085715,0,0,-1.50824496785829,-2.96728112094137,-1.57022813802989,-1.1798126617685,-2.02136565807206,-2.60791251144507,-1.62703566476933,-1.67116561379634,-1.22237464105055,-2.61970132837609,-1.34388379780362,-1.31573744900341,-1.41532440834692,0,0,-2.62179736020613,0,0,0,0,0,-0.993896511675053,-1.60449836195788,-1.30575025759115,-2.86986504717315,-1.5354250652271
"121",0,0,0,0,0,0,0,0,0,0,0,0,0,0,0,0,0,0,0,0,0,0,0,0,0,0,0,0,0,0,0,0,0,0,0,0,0,0,0,0,0,0,0,0,0,0,0,0,0,0,0,0,0,0,0,0,0,0,0,0,0,0,0,0,0,0,0,0,0,0,0,0,0,0,0,0,0,0,0,0,0,0,0,0,0,0,0,0,0,0,-1.78491534438852,-1.12140975641933,-3.52410513045349,-0.945641721771549,-1.19740762438805,-2.30592169486062,-1.58130972247783,-2.57709365870797,-3.47662743994115,-3.32658470554134,-2.68843794162929,-2.62600595016255,-2.75545148655771,-3.52840334280722,-3.88014310266361,-2.15965617966245,0,0,-2.38990192032337,-2.01396376287336,-3.42975777438841,0,0,-1.00520740570541,-0.659686274258121,-2.19114632378497,-1.647614552544,-2.60417435307823,-3.73885577177392,-2.55229722887432,-3.95108406869414
